obs_datetime,night,mfgID,sig,noise,motusTagID,port,runLen,tagProjID,mfg,tagModel,tagLifespan,tagBI,tagDeployID,tagDeployStart,fullID,deviceID,recvDeployID,recvDeployLat,recvDeployLon,recv,recvDeployName,antType,antBearing,speciesEN,tagProjName,recvProjName
2023-05-07T11:24:04Z,2023-05-07,190,-69.5104,-76.1551,71544,2,2,113,Lotek,NTQB2-4-2S-M,265,4.098700046539307,43723,2022-10-30T08:37:00Z,WUR#190:4.1@150.1(M.71544),2412,8369,52.9505,1.1221,CTT-98A5D0BB4E1D,Weybourne Atmospheric Observatory,yagi-6,25,Eurasian Blackbird,WUR,UK-Bats
2023-05-07T11:24:57Z,2023-05-07,190,-69.5476,-76.2991,71544,2,2,113,Lotek,NTQB2-4-2S-M,265,4.098700046539307,43723,2022-10-30T08:37:00Z,WUR#190:4.1@150.1(M.71544),2412,8369,52.9505,1.1221,CTT-98A5D0BB4E1D,Weybourne Atmospheric Observatory,yagi-6,25,Eurasian Blackbird,WUR,UK-Bats
2023-06-02T21:47:59Z,2023-06-02,312,-63.9899,-73.9348,75345,2,30,113,Lotek,NTQB2-3-2-M,216,7.299200057983398,45301,2023-04-17T08:50:00Z,WUR#312:7.3@150.1(M.75345),2412,8369,52.9505,1.1221,CTT-98A5D0BB4E1D,Weybourne Atmospheric Observatory,yagi-6,25,Red Knot,WUR,UK-Bats
2023-06-02T21:48:07Z,2023-06-02,312,-63.5925,-73.652,75345,2,30,113,Lotek,NTQB2-3-2-M,216,7.299200057983398,45301,2023-04-17T08:50:00Z,WUR#312:7.3@150.1(M.75345),2412,8369,52.9505,1.1221,CTT-98A5D0BB4E1D,Weybourne Atmospheric Observatory,yagi-6,25,Red Knot,WUR,UK-Bats
2023-06-02T21:48:14Z,2023-06-02,312,-64.4945,-73.7777,75345,2,30,113,Lotek,NTQB2-3-2-M,216,7.299200057983398,45301,2023-04-17T08:50:00Z,WUR#312:7.3@150.1(M.75345),2412,8369,52.9505,1.1221,CTT-98A5D0BB4E1D,Weybourne Atmospheric Observatory,yagi-6,25,Red Knot,WUR,UK-Bats
2023-06-02T21:48:21Z,2023-06-02,312,-66.6331,-73.6789,75345,2,30,113,Lotek,NTQB2-3-2-M,216,7.299200057983398,45301,2023-04-17T08:50:00Z,WUR#312:7.3@150.1(M.75345),2412,8369,52.9505,1.1221,CTT-98A5D0BB4E1D,Weybourne Atmospheric Observatory,yagi-6,25,Red Knot,WUR,UK-Bats
2023-06-02T21:48:29Z,2023-06-02,312,-64.1202,-73.8587,75345,2,30,113,Lotek,NTQB2-3-2-M,216,7.299200057983398,45301,2023-04-17T08:50:00Z,WUR#312:7.3@150.1(M.75345),2412,8369,52.9505,1.1221,CTT-98A5D0BB4E1D,Weybourne Atmospheric Observatory,yagi-6,25,Red Knot,WUR,UK-Bats
2023-06-02T21:48:36Z,2023-06-02,312,-64.4709,-73.4458,75345,2,30,113,Lotek,NTQB2-3-2-M,216,7.299200057983398,45301,2023-04-17T08:50:00Z,WUR#312:7.3@150.1(M.75345),2412,8369,52.9505,1.1221,CTT-98A5D0BB4E1D,Weybourne Atmospheric Observatory,yagi-6,25,Red Knot,WUR,UK-Bats
2023-06-02T21:48:43Z,2023-06-02,312,-64.0987,-73.5755,75345,2,30,113,Lotek,NTQB2-3-2-M,216,7.299200057983398,45301,2023-04-17T08:50:00Z,WUR#312:7.3@150.1(M.75345),2412,8369,52.9505,1.1221,CTT-98A5D0BB4E1D,Weybourne Atmospheric Observatory,yagi-6,25,Red Knot,WUR,UK-Bats
2023-06-02T21:48:50Z,2023-06-02,312,-63.9771,-73.9885,75345,2,30,113,Lotek,NTQB2-3-2-M,216,7.299200057983398,45301,2023-04-17T08:50:00Z,WUR#312:7.3@150.1(M.75345),2412,8369,52.9505,1.1221,CTT-98A5D0BB4E1D,Weybourne Atmospheric Observatory,yagi-6,25,Red Knot,WUR,UK-Bats
2023-06-02T21:48:58Z,2023-06-02,312,-62.8986,-73.4601,75345,2,30,113,Lotek,NTQB2-3-2-M,216,7.299200057983398,45301,2023-04-17T08:50:00Z,WUR#312:7.3@150.1(M.75345),2412,8369,52.9505,1.1221,CTT-98A5D0BB4E1D,Weybourne Atmospheric Observatory,yagi-6,25,Red Knot,WUR,UK-Bats
2023-06-02T21:49:05Z,2023-06-02,312,-63.1211,-73.3075,75345,2,30,113,Lotek,NTQB2-3-2-M,216,7.299200057983398,45301,2023-04-17T08:50:00Z,WUR#312:7.3@150.1(M.75345),2412,8369,52.9505,1.1221,CTT-98A5D0BB4E1D,Weybourne Atmospheric Observatory,yagi-6,25,Red Knot,WUR,UK-Bats
2023-06-02T21:49:12Z,2023-06-02,312,-63.0319,-73.8683,75345,2,30,113,Lotek,NTQB2-3-2-M,216,7.299200057983398,45301,2023-04-17T08:50:00Z,WUR#312:7.3@150.1(M.75345),2412,8369,52.9505,1.1221,CTT-98A5D0BB4E1D,Weybourne Atmospheric Observatory,yagi-6,25,Red Knot,WUR,UK-Bats
2023-06-02T21:49:20Z,2023-06-02,312,-64.6219,-73.3917,75345,2,30,113,Lotek,NTQB2-3-2-M,216,7.299200057983398,45301,2023-04-17T08:50:00Z,WUR#312:7.3@150.1(M.75345),2412,8369,52.9505,1.1221,CTT-98A5D0BB4E1D,Weybourne Atmospheric Observatory,yagi-6,25,Red Knot,WUR,UK-Bats
2023-06-02T21:49:27Z,2023-06-02,312,-61.4769,-74.2085,75345,2,30,113,Lotek,NTQB2-3-2-M,216,7.299200057983398,45301,2023-04-17T08:50:00Z,WUR#312:7.3@150.1(M.75345),2412,8369,52.9505,1.1221,CTT-98A5D0BB4E1D,Weybourne Atmospheric Observatory,yagi-6,25,Red Knot,WUR,UK-Bats
2023-06-02T21:49:34Z,2023-06-02,312,-60.2333,-73.5828,75345,2,30,113,Lotek,NTQB2-3-2-M,216,7.299200057983398,45301,2023-04-17T08:50:00Z,WUR#312:7.3@150.1(M.75345),2412,8369,52.9505,1.1221,CTT-98A5D0BB4E1D,Weybourne Atmospheric Observatory,yagi-6,25,Red Knot,WUR,UK-Bats
2023-06-02T21:49:42Z,2023-06-02,312,-63.0372,-73.6717,75345,2,30,113,Lotek,NTQB2-3-2-M,216,7.299200057983398,45301,2023-04-17T08:50:00Z,WUR#312:7.3@150.1(M.75345),2412,8369,52.9505,1.1221,CTT-98A5D0BB4E1D,Weybourne Atmospheric Observatory,yagi-6,25,Red Knot,WUR,UK-Bats
2023-06-02T21:49:49Z,2023-06-02,312,-63.0812,-73.6382,75345,2,30,113,Lotek,NTQB2-3-2-M,216,7.299200057983398,45301,2023-04-17T08:50:00Z,WUR#312:7.3@150.1(M.75345),2412,8369,52.9505,1.1221,CTT-98A5D0BB4E1D,Weybourne Atmospheric Observatory,yagi-6,25,Red Knot,WUR,UK-Bats
2023-06-02T21:49:56Z,2023-06-02,312,-64.3958,-73.6589,75345,2,30,113,Lotek,NTQB2-3-2-M,216,7.299200057983398,45301,2023-04-17T08:50:00Z,WUR#312:7.3@150.1(M.75345),2412,8369,52.9505,1.1221,CTT-98A5D0BB4E1D,Weybourne Atmospheric Observatory,yagi-6,25,Red Knot,WUR,UK-Bats
2023-06-02T21:50:03Z,2023-06-02,312,-64.4151,-73.8257,75345,2,30,113,Lotek,NTQB2-3-2-M,216,7.299200057983398,45301,2023-04-17T08:50:00Z,WUR#312:7.3@150.1(M.75345),2412,8369,52.9505,1.1221,CTT-98A5D0BB4E1D,Weybourne Atmospheric Observatory,yagi-6,25,Red Knot,WUR,UK-Bats
2023-06-02T21:50:11Z,2023-06-02,312,-62.0279,-73.3587,75345,2,30,113,Lotek,NTQB2-3-2-M,216,7.299200057983398,45301,2023-04-17T08:50:00Z,WUR#312:7.3@150.1(M.75345),2412,8369,52.9505,1.1221,CTT-98A5D0BB4E1D,Weybourne Atmospheric Observatory,yagi-6,25,Red Knot,WUR,UK-Bats
2023-06-02T21:50:18Z,2023-06-02,312,-62.5539,-73.9521,75345,2,30,113,Lotek,NTQB2-3-2-M,216,7.299200057983398,45301,2023-04-17T08:50:00Z,WUR#312:7.3@150.1(M.75345),2412,8369,52.9505,1.1221,CTT-98A5D0BB4E1D,Weybourne Atmospheric Observatory,yagi-6,25,Red Knot,WUR,UK-Bats
2023-06-02T21:50:25Z,2023-06-02,312,-63.5521,-73.8824,75345,2,30,113,Lotek,NTQB2-3-2-M,216,7.299200057983398,45301,2023-04-17T08:50:00Z,WUR#312:7.3@150.1(M.75345),2412,8369,52.9505,1.1221,CTT-98A5D0BB4E1D,Weybourne Atmospheric Observatory,yagi-6,25,Red Knot,WUR,UK-Bats
2023-06-02T21:50:33Z,2023-06-02,312,-61.2832,-73.5957,75345,2,30,113,Lotek,NTQB2-3-2-M,216,7.299200057983398,45301,2023-04-17T08:50:00Z,WUR#312:7.3@150.1(M.75345),2412,8369,52.9505,1.1221,CTT-98A5D0BB4E1D,Weybourne Atmospheric Observatory,yagi-6,25,Red Knot,WUR,UK-Bats
2023-06-02T21:50:40Z,2023-06-02,312,-64.2268,-73.7191,75345,2,30,113,Lotek,NTQB2-3-2-M,216,7.299200057983398,45301,2023-04-17T08:50:00Z,WUR#312:7.3@150.1(M.75345),2412,8369,52.9505,1.1221,CTT-98A5D0BB4E1D,Weybourne Atmospheric Observatory,yagi-6,25,Red Knot,WUR,UK-Bats
2023-06-02T21:50:47Z,2023-06-02,312,-64.1786,-73.1523,75345,2,30,113,Lotek,NTQB2-3-2-M,216,7.299200057983398,45301,2023-04-17T08:50:00Z,WUR#312:7.3@150.1(M.75345),2412,8369,52.9505,1.1221,CTT-98A5D0BB4E1D,Weybourne Atmospheric Observatory,yagi-6,25,Red Knot,WUR,UK-Bats
2023-06-02T21:50:55Z,2023-06-02,312,-64.703,-73.7135,75345,2,30,113,Lotek,NTQB2-3-2-M,216,7.299200057983398,45301,2023-04-17T08:50:00Z,WUR#312:7.3@150.1(M.75345),2412,8369,52.9505,1.1221,CTT-98A5D0BB4E1D,Weybourne Atmospheric Observatory,yagi-6,25,Red Knot,WUR,UK-Bats
2023-06-02T21:51:02Z,2023-06-02,312,-65.1588,-73.9684,75345,2,30,113,Lotek,NTQB2-3-2-M,216,7.299200057983398,45301,2023-04-17T08:50:00Z,WUR#312:7.3@150.1(M.75345),2412,8369,52.9505,1.1221,CTT-98A5D0BB4E1D,Weybourne Atmospheric Observatory,yagi-6,25,Red Knot,WUR,UK-Bats
2023-06-02T21:51:09Z,2023-06-02,312,-64.804,-73.0868,75345,2,30,113,Lotek,NTQB2-3-2-M,216,7.299200057983398,45301,2023-04-17T08:50:00Z,WUR#312:7.3@150.1(M.75345),2412,8369,52.9505,1.1221,CTT-98A5D0BB4E1D,Weybourne Atmospheric Observatory,yagi-6,25,Red Knot,WUR,UK-Bats
2023-06-02T21:51:16Z,2023-06-02,312,-65.7084,-73.8019,75345,2,30,113,Lotek,NTQB2-3-2-M,216,7.299200057983398,45301,2023-04-17T08:50:00Z,WUR#312:7.3@150.1(M.75345),2412,8369,52.9505,1.1221,CTT-98A5D0BB4E1D,Weybourne Atmospheric Observatory,yagi-6,25,Red Knot,WUR,UK-Bats
2023-06-02T21:51:24Z,2023-06-02,312,-64.2814,-74.0714,75345,2,30,113,Lotek,NTQB2-3-2-M,216,7.299200057983398,45301,2023-04-17T08:50:00Z,WUR#312:7.3@150.1(M.75345),2412,8369,52.9505,1.1221,CTT-98A5D0BB4E1D,Weybourne Atmospheric Observatory,yagi-6,25,Red Knot,WUR,UK-Bats
2023-06-02T21:51:31Z,2023-06-02,312,-65.2611,-73.6916,75345,2,30,113,Lotek,NTQB2-3-2-M,216,7.299200057983398,45301,2023-04-17T08:50:00Z,WUR#312:7.3@150.1(M.75345),2412,8369,52.9505,1.1221,CTT-98A5D0BB4E1D,Weybourne Atmospheric Observatory,yagi-6,25,Red Knot,WUR,UK-Bats
2023-05-07T11:24:04Z,2023-05-07,190,-69.5104,-76.1551,71544,2,2,113,Lotek,NTQB2-4-2S-M,265,4.098700046539307,43723,2022-10-30T08:37:00Z,WUR#190:4.1@150.1(M.71544),2412,8369,52.9505,1.1221,CTT-98A5D0BB4E1D,Weybourne Atmospheric Observatory,yagi-6,25,Eurasian Blackbird,WUR,UK-Bats
2023-05-07T11:24:57Z,2023-05-07,190,-69.5476,-76.2991,71544,2,2,113,Lotek,NTQB2-4-2S-M,265,4.098700046539307,43723,2022-10-30T08:37:00Z,WUR#190:4.1@150.1(M.71544),2412,8369,52.9505,1.1221,CTT-98A5D0BB4E1D,Weybourne Atmospheric Observatory,yagi-6,25,Eurasian Blackbird,WUR,UK-Bats
2023-06-02T21:47:59Z,2023-06-02,312,-63.9899,-73.9348,75345,2,30,113,Lotek,NTQB2-3-2-M,216,7.299200057983398,45301,2023-04-17T08:50:00Z,WUR#312:7.3@150.1(M.75345),2412,8369,52.9505,1.1221,CTT-98A5D0BB4E1D,Weybourne Atmospheric Observatory,yagi-6,25,Red Knot,WUR,UK-Bats
2023-06-02T21:48:07Z,2023-06-02,312,-63.5925,-73.652,75345,2,30,113,Lotek,NTQB2-3-2-M,216,7.299200057983398,45301,2023-04-17T08:50:00Z,WUR#312:7.3@150.1(M.75345),2412,8369,52.9505,1.1221,CTT-98A5D0BB4E1D,Weybourne Atmospheric Observatory,yagi-6,25,Red Knot,WUR,UK-Bats
2023-06-02T21:48:14Z,2023-06-02,312,-64.4945,-73.7777,75345,2,30,113,Lotek,NTQB2-3-2-M,216,7.299200057983398,45301,2023-04-17T08:50:00Z,WUR#312:7.3@150.1(M.75345),2412,8369,52.9505,1.1221,CTT-98A5D0BB4E1D,Weybourne Atmospheric Observatory,yagi-6,25,Red Knot,WUR,UK-Bats
2023-06-02T21:48:21Z,2023-06-02,312,-66.6331,-73.6789,75345,2,30,113,Lotek,NTQB2-3-2-M,216,7.299200057983398,45301,2023-04-17T08:50:00Z,WUR#312:7.3@150.1(M.75345),2412,8369,52.9505,1.1221,CTT-98A5D0BB4E1D,Weybourne Atmospheric Observatory,yagi-6,25,Red Knot,WUR,UK-Bats
2023-06-02T21:48:29Z,2023-06-02,312,-64.1202,-73.8587,75345,2,30,113,Lotek,NTQB2-3-2-M,216,7.299200057983398,45301,2023-04-17T08:50:00Z,WUR#312:7.3@150.1(M.75345),2412,8369,52.9505,1.1221,CTT-98A5D0BB4E1D,Weybourne Atmospheric Observatory,yagi-6,25,Red Knot,WUR,UK-Bats
2023-06-02T21:48:36Z,2023-06-02,312,-64.4709,-73.4458,75345,2,30,113,Lotek,NTQB2-3-2-M,216,7.299200057983398,45301,2023-04-17T08:50:00Z,WUR#312:7.3@150.1(M.75345),2412,8369,52.9505,1.1221,CTT-98A5D0BB4E1D,Weybourne Atmospheric Observatory,yagi-6,25,Red Knot,WUR,UK-Bats
2023-06-02T21:48:43Z,2023-06-02,312,-64.0987,-73.5755,75345,2,30,113,Lotek,NTQB2-3-2-M,216,7.299200057983398,45301,2023-04-17T08:50:00Z,WUR#312:7.3@150.1(M.75345),2412,8369,52.9505,1.1221,CTT-98A5D0BB4E1D,Weybourne Atmospheric Observatory,yagi-6,25,Red Knot,WUR,UK-Bats
2023-06-02T21:48:50Z,2023-06-02,312,-63.9771,-73.9885,75345,2,30,113,Lotek,NTQB2-3-2-M,216,7.299200057983398,45301,2023-04-17T08:50:00Z,WUR#312:7.3@150.1(M.75345),2412,8369,52.9505,1.1221,CTT-98A5D0BB4E1D,Weybourne Atmospheric Observatory,yagi-6,25,Red Knot,WUR,UK-Bats
2023-06-02T21:48:58Z,2023-06-02,312,-62.8986,-73.4601,75345,2,30,113,Lotek,NTQB2-3-2-M,216,7.299200057983398,45301,2023-04-17T08:50:00Z,WUR#312:7.3@150.1(M.75345),2412,8369,52.9505,1.1221,CTT-98A5D0BB4E1D,Weybourne Atmospheric Observatory,yagi-6,25,Red Knot,WUR,UK-Bats
2023-06-02T21:49:05Z,2023-06-02,312,-63.1211,-73.3075,75345,2,30,113,Lotek,NTQB2-3-2-M,216,7.299200057983398,45301,2023-04-17T08:50:00Z,WUR#312:7.3@150.1(M.75345),2412,8369,52.9505,1.1221,CTT-98A5D0BB4E1D,Weybourne Atmospheric Observatory,yagi-6,25,Red Knot,WUR,UK-Bats
2023-06-02T21:49:12Z,2023-06-02,312,-63.0319,-73.8683,75345,2,30,113,Lotek,NTQB2-3-2-M,216,7.299200057983398,45301,2023-04-17T08:50:00Z,WUR#312:7.3@150.1(M.75345),2412,8369,52.9505,1.1221,CTT-98A5D0BB4E1D,Weybourne Atmospheric Observatory,yagi-6,25,Red Knot,WUR,UK-Bats
2023-06-02T21:49:20Z,2023-06-02,312,-64.6219,-73.3917,75345,2,30,113,Lotek,NTQB2-3-2-M,216,7.299200057983398,45301,2023-04-17T08:50:00Z,WUR#312:7.3@150.1(M.75345),2412,8369,52.9505,1.1221,CTT-98A5D0BB4E1D,Weybourne Atmospheric Observatory,yagi-6,25,Red Knot,WUR,UK-Bats
2023-06-02T21:49:27Z,2023-06-02,312,-61.4769,-74.2085,75345,2,30,113,Lotek,NTQB2-3-2-M,216,7.299200057983398,45301,2023-04-17T08:50:00Z,WUR#312:7.3@150.1(M.75345),2412,8369,52.9505,1.1221,CTT-98A5D0BB4E1D,Weybourne Atmospheric Observatory,yagi-6,25,Red Knot,WUR,UK-Bats
2023-06-02T21:49:34Z,2023-06-02,312,-60.2333,-73.5828,75345,2,30,113,Lotek,NTQB2-3-2-M,216,7.299200057983398,45301,2023-04-17T08:50:00Z,WUR#312:7.3@150.1(M.75345),2412,8369,52.9505,1.1221,CTT-98A5D0BB4E1D,Weybourne Atmospheric Observatory,yagi-6,25,Red Knot,WUR,UK-Bats
2023-06-02T21:49:42Z,2023-06-02,312,-63.0372,-73.6717,75345,2,30,113,Lotek,NTQB2-3-2-M,216,7.299200057983398,45301,2023-04-17T08:50:00Z,WUR#312:7.3@150.1(M.75345),2412,8369,52.9505,1.1221,CTT-98A5D0BB4E1D,Weybourne Atmospheric Observatory,yagi-6,25,Red Knot,WUR,UK-Bats
2023-06-02T21:49:49Z,2023-06-02,312,-63.0812,-73.6382,75345,2,30,113,Lotek,NTQB2-3-2-M,216,7.299200057983398,45301,2023-04-17T08:50:00Z,WUR#312:7.3@150.1(M.75345),2412,8369,52.9505,1.1221,CTT-98A5D0BB4E1D,Weybourne Atmospheric Observatory,yagi-6,25,Red Knot,WUR,UK-Bats
2023-06-02T21:49:56Z,2023-06-02,312,-64.3958,-73.6589,75345,2,30,113,Lotek,NTQB2-3-2-M,216,7.299200057983398,45301,2023-04-17T08:50:00Z,WUR#312:7.3@150.1(M.75345),2412,8369,52.9505,1.1221,CTT-98A5D0BB4E1D,Weybourne Atmospheric Observatory,yagi-6,25,Red Knot,WUR,UK-Bats
2023-06-02T21:50:03Z,2023-06-02,312,-64.4151,-73.8257,75345,2,30,113,Lotek,NTQB2-3-2-M,216,7.299200057983398,45301,2023-04-17T08:50:00Z,WUR#312:7.3@150.1(M.75345),2412,8369,52.9505,1.1221,CTT-98A5D0BB4E1D,Weybourne Atmospheric Observatory,yagi-6,25,Red Knot,WUR,UK-Bats
2023-06-02T21:50:11Z,2023-06-02,312,-62.0279,-73.3587,75345,2,30,113,Lotek,NTQB2-3-2-M,216,7.299200057983398,45301,2023-04-17T08:50:00Z,WUR#312:7.3@150.1(M.75345),2412,8369,52.9505,1.1221,CTT-98A5D0BB4E1D,Weybourne Atmospheric Observatory,yagi-6,25,Red Knot,WUR,UK-Bats
2023-06-02T21:50:18Z,2023-06-02,312,-62.5539,-73.9521,75345,2,30,113,Lotek,NTQB2-3-2-M,216,7.299200057983398,45301,2023-04-17T08:50:00Z,WUR#312:7.3@150.1(M.75345),2412,8369,52.9505,1.1221,CTT-98A5D0BB4E1D,Weybourne Atmospheric Observatory,yagi-6,25,Red Knot,WUR,UK-Bats
2023-06-02T21:50:25Z,2023-06-02,312,-63.5521,-73.8824,75345,2,30,113,Lotek,NTQB2-3-2-M,216,7.299200057983398,45301,2023-04-17T08:50:00Z,WUR#312:7.3@150.1(M.75345),2412,8369,52.9505,1.1221,CTT-98A5D0BB4E1D,Weybourne Atmospheric Observatory,yagi-6,25,Red Knot,WUR,UK-Bats
2023-06-02T21:50:33Z,2023-06-02,312,-61.2832,-73.5957,75345,2,30,113,Lotek,NTQB2-3-2-M,216,7.299200057983398,45301,2023-04-17T08:50:00Z,WUR#312:7.3@150.1(M.75345),2412,8369,52.9505,1.1221,CTT-98A5D0BB4E1D,Weybourne Atmospheric Observatory,yagi-6,25,Red Knot,WUR,UK-Bats
2023-06-02T21:50:40Z,2023-06-02,312,-64.2268,-73.7191,75345,2,30,113,Lotek,NTQB2-3-2-M,216,7.299200057983398,45301,2023-04-17T08:50:00Z,WUR#312:7.3@150.1(M.75345),2412,8369,52.9505,1.1221,CTT-98A5D0BB4E1D,Weybourne Atmospheric Observatory,yagi-6,25,Red Knot,WUR,UK-Bats
2023-06-02T21:50:47Z,2023-06-02,312,-64.1786,-73.1523,75345,2,30,113,Lotek,NTQB2-3-2-M,216,7.299200057983398,45301,2023-04-17T08:50:00Z,WUR#312:7.3@150.1(M.75345),2412,8369,52.9505,1.1221,CTT-98A5D0BB4E1D,Weybourne Atmospheric Observatory,yagi-6,25,Red Knot,WUR,UK-Bats
2023-06-02T21:50:55Z,2023-06-02,312,-64.703,-73.7135,75345,2,30,113,Lotek,NTQB2-3-2-M,216,7.299200057983398,45301,2023-04-17T08:50:00Z,WUR#312:7.3@150.1(M.75345),2412,8369,52.9505,1.1221,CTT-98A5D0BB4E1D,Weybourne Atmospheric Observatory,yagi-6,25,Red Knot,WUR,UK-Bats
2023-06-02T21:51:02Z,2023-06-02,312,-65.1588,-73.9684,75345,2,30,113,Lotek,NTQB2-3-2-M,216,7.299200057983398,45301,2023-04-17T08:50:00Z,WUR#312:7.3@150.1(M.75345),2412,8369,52.9505,1.1221,CTT-98A5D0BB4E1D,Weybourne Atmospheric Observatory,yagi-6,25,Red Knot,WUR,UK-Bats
2023-06-02T21:51:09Z,2023-06-02,312,-64.804,-73.0868,75345,2,30,113,Lotek,NTQB2-3-2-M,216,7.299200057983398,45301,2023-04-17T08:50:00Z,WUR#312:7.3@150.1(M.75345),2412,8369,52.9505,1.1221,CTT-98A5D0BB4E1D,Weybourne Atmospheric Observatory,yagi-6,25,Red Knot,WUR,UK-Bats
2023-06-02T21:51:16Z,2023-06-02,312,-65.7084,-73.8019,75345,2,30,113,Lotek,NTQB2-3-2-M,216,7.299200057983398,45301,2023-04-17T08:50:00Z,WUR#312:7.3@150.1(M.75345),2412,8369,52.9505,1.1221,CTT-98A5D0BB4E1D,Weybourne Atmospheric Observatory,yagi-6,25,Red Knot,WUR,UK-Bats
2023-06-02T21:51:24Z,2023-06-02,312,-64.2814,-74.0714,75345,2,30,113,Lotek,NTQB2-3-2-M,216,7.299200057983398,45301,2023-04-17T08:50:00Z,WUR#312:7.3@150.1(M.75345),2412,8369,52.9505,1.1221,CTT-98A5D0BB4E1D,Weybourne Atmospheric Observatory,yagi-6,25,Red Knot,WUR,UK-Bats
2023-06-02T21:51:31Z,2023-06-02,312,-65.2611,-73.6916,75345,2,30,113,Lotek,NTQB2-3-2-M,216,7.299200057983398,45301,2023-04-17T08:50:00Z,WUR#312:7.3@150.1(M.75345),2412,8369,52.9505,1.1221,CTT-98A5D0BB4E1D,Weybourne Atmospheric Observatory,yagi-6,25,Red Knot,WUR,UK-Bats
2023-08-15T17:38:53Z,2023-08-15,228,-62.9204,-70.3273,71580,3,2,113,Lotek,NTQB2-4-2S-M,310,4.899499893188477,43759,2022-11-09T10:59:00Z,WUR#228:4.9@150.1(M.71580),2412,8369,52.9505,1.1221,CTT-98A5D0BB4E1D,Weybourne Atmospheric Observatory,yagi-6,120,Eurasian Blackbird,WUR,UK-Bats
2023-08-15T17:39:27Z,2023-08-15,228,-62.7705,-70.1244,71580,3,2,113,Lotek,NTQB2-4-2S-M,310,4.899499893188477,43759,2022-11-09T10:59:00Z,WUR#228:4.9@150.1(M.71580),2412,8369,52.9505,1.1221,CTT-98A5D0BB4E1D,Weybourne Atmospheric Observatory,yagi-6,120,Eurasian Blackbird,WUR,UK-Bats
2023-08-15T17:39:06Z,2023-08-15,219,-62.706,-70.6905,71571,3,2,113,Lotek,NTQB2-4-2S-M,299,4.6992998123168945,43750,2022-11-06T10:03:00Z,WUR#219:4.7@150.1(M.71571),2412,8369,52.9505,1.1221,CTT-98A5D0BB4E1D,Weybourne Atmospheric Observatory,yagi-6,120,Eurasian Blackbird,WUR,UK-Bats
2023-08-15T17:39:53Z,2023-08-15,219,-58.3731,-67.4496,71571,3,2,113,Lotek,NTQB2-4-2S-M,299,4.6992998123168945,43750,2022-11-06T10:03:00Z,WUR#219:4.7@150.1(M.71571),2412,8369,52.9505,1.1221,CTT-98A5D0BB4E1D,Weybourne Atmospheric Observatory,yagi-6,120,Eurasian Blackbird,WUR,UK-Bats
2023-08-15T17:44:04Z,2023-08-15,45,-60.462,-68.5214,80039,3,2,654,Lotek,NTQB2-1-M,67,8.300000190734863,49140,2023-08-15T04:45:00Z,OWP.aut.2023#45:8.3@150.1(M.80039),2412,8369,52.9505,1.1221,CTT-98A5D0BB4E1D,Weybourne Atmospheric Observatory,yagi-6,120,Eurasian Reed Warbler,OWP.aut.2023,UK-Bats
2023-08-15T17:45:02Z,2023-08-15,45,-58.6009,-66.826,80039,3,2,654,Lotek,NTQB2-1-M,67,8.300000190734863,49140,2023-08-15T04:45:00Z,OWP.aut.2023#45:8.3@150.1(M.80039),2412,8369,52.9505,1.1221,CTT-98A5D0BB4E1D,Weybourne Atmospheric Observatory,yagi-6,120,Eurasian Reed Warbler,OWP.aut.2023,UK-Bats
2023-08-15T17:44:25Z,2023-08-15,267,-54.8374,-65.7412,75325,3,2,113,Lotek,NTQB2-3-2-M,216,7.299099922180176,45322,2023-04-16T09:30:00Z,WUR#267:7.3@150.1(M.75325),2412,8369,52.9505,1.1221,CTT-98A5D0BB4E1D,Weybourne Atmospheric Observatory,yagi-6,120,Red Knot,WUR,UK-Bats
2023-08-15T17:45:17Z,2023-08-15,267,-58.8226,-66.4576,75325,3,2,113,Lotek,NTQB2-3-2-M,216,7.299099922180176,45322,2023-04-16T09:30:00Z,WUR#267:7.3@150.1(M.75325),2412,8369,52.9505,1.1221,CTT-98A5D0BB4E1D,Weybourne Atmospheric Observatory,yagi-6,120,Red Knot,WUR,UK-Bats
2023-08-15T17:45:08Z,2023-08-15,327,-57.2935,-65.8632,75349,3,2,113,Lotek,NTQB2-3-2-M,216,7.299200057983398,45297,2023-04-17T07:28:00Z,WUR#327:7.3@150.1(M.75349),2412,8369,52.9505,1.1221,CTT-98A5D0BB4E1D,Weybourne Atmospheric Observatory,yagi-6,120,Red Knot,WUR,UK-Bats
2023-08-15T17:45:52Z,2023-08-15,327,-59.3882,-68.8908,75349,3,2,113,Lotek,NTQB2-3-2-M,216,7.299200057983398,45297,2023-04-17T07:28:00Z,WUR#327:7.3@150.1(M.75349),2412,8369,52.9505,1.1221,CTT-98A5D0BB4E1D,Weybourne Atmospheric Observatory,yagi-6,120,Red Knot,WUR,UK-Bats
2023-08-28T13:49:08Z,2023-08-28,248,-65.7573,-75.7821,74685,4,2,113,Lotek,NTQB2-3-2-M,216,7.298900127410889,44939,2023-05-13T13:30:00Z,WUR#248:7.3@150.1(M.74685),2412,8369,52.9505,1.1221,CTT-98A5D0BB4E1D,Weybourne Atmospheric Observatory,yagi-6,220,Bar-tailed Godwit,WUR,UK-Bats
2023-08-28T13:49:23Z,2023-08-28,248,-63.813,-74.9225,74685,4,2,113,Lotek,NTQB2-3-2-M,216,7.298900127410889,44939,2023-05-13T13:30:00Z,WUR#248:7.3@150.1(M.74685),2412,8369,52.9505,1.1221,CTT-98A5D0BB4E1D,Weybourne Atmospheric Observatory,yagi-6,220,Bar-tailed Godwit,WUR,UK-Bats
2023-09-11T21:45:55Z,2023-09-11,423,-63.7292,-72.4165,80998,3,10,554,Lotek,NTQB2-1-M,59,7.098899841308594,49660,2023-08-05T03:00:00Z,UKBMG#423:7.1@150.1(M.80998),2412,8369,52.9505,1.1221,CTT-98A5D0BB4E1D,Weybourne Atmospheric Observatory,yagi-6,120,Nathusius' Pipistrelle,UKBMG,UK-Bats
2023-09-11T21:46:03Z,2023-09-11,423,-62.9184,-72.7182,80998,3,10,554,Lotek,NTQB2-1-M,59,7.098899841308594,49660,2023-08-05T03:00:00Z,UKBMG#423:7.1@150.1(M.80998),2412,8369,52.9505,1.1221,CTT-98A5D0BB4E1D,Weybourne Atmospheric Observatory,yagi-6,120,Nathusius' Pipistrelle,UKBMG,UK-Bats
2023-09-11T21:46:10Z,2023-09-11,423,-63.7868,-72.7452,80998,3,10,554,Lotek,NTQB2-1-M,59,7.098899841308594,49660,2023-08-05T03:00:00Z,UKBMG#423:7.1@150.1(M.80998),2412,8369,52.9505,1.1221,CTT-98A5D0BB4E1D,Weybourne Atmospheric Observatory,yagi-6,120,Nathusius' Pipistrelle,UKBMG,UK-Bats
2023-09-11T21:46:03Z,2023-09-11,423,-59.819,-70.7801,80998,2,7,554,Lotek,NTQB2-1-M,59,7.098899841308594,49660,2023-08-05T03:00:00Z,UKBMG#423:7.1@150.1(M.80998),2412,8369,52.9505,1.1221,CTT-98A5D0BB4E1D,Weybourne Atmospheric Observatory,yagi-6,25,Nathusius' Pipistrelle,UKBMG,UK-Bats
2023-09-11T21:46:10Z,2023-09-11,423,-61.481,-71.6734,80998,2,7,554,Lotek,NTQB2-1-M,59,7.098899841308594,49660,2023-08-05T03:00:00Z,UKBMG#423:7.1@150.1(M.80998),2412,8369,52.9505,1.1221,CTT-98A5D0BB4E1D,Weybourne Atmospheric Observatory,yagi-6,25,Nathusius' Pipistrelle,UKBMG,UK-Bats
2023-09-11T21:46:03Z,2023-09-11,423,-66.5349,-76.942,80998,4,15,554,Lotek,NTQB2-1-M,59,7.098899841308594,49660,2023-08-05T03:00:00Z,UKBMG#423:7.1@150.1(M.80998),2412,8369,52.9505,1.1221,CTT-98A5D0BB4E1D,Weybourne Atmospheric Observatory,yagi-6,220,Nathusius' Pipistrelle,UKBMG,UK-Bats
2023-09-11T21:46:10Z,2023-09-11,423,-68.6989,-77.3199,80998,4,15,554,Lotek,NTQB2-1-M,59,7.098899841308594,49660,2023-08-05T03:00:00Z,UKBMG#423:7.1@150.1(M.80998),2412,8369,52.9505,1.1221,CTT-98A5D0BB4E1D,Weybourne Atmospheric Observatory,yagi-6,220,Nathusius' Pipistrelle,UKBMG,UK-Bats
2023-09-11T21:46:17Z,2023-09-11,423,-61.5936,-72.6248,80998,3,10,554,Lotek,NTQB2-1-M,59,7.098899841308594,49660,2023-08-05T03:00:00Z,UKBMG#423:7.1@150.1(M.80998),2412,8369,52.9505,1.1221,CTT-98A5D0BB4E1D,Weybourne Atmospheric Observatory,yagi-6,120,Nathusius' Pipistrelle,UKBMG,UK-Bats
2023-09-11T21:46:17Z,2023-09-11,423,-59.3658,-71.7103,80998,2,7,554,Lotek,NTQB2-1-M,59,7.098899841308594,49660,2023-08-05T03:00:00Z,UKBMG#423:7.1@150.1(M.80998),2412,8369,52.9505,1.1221,CTT-98A5D0BB4E1D,Weybourne Atmospheric Observatory,yagi-6,25,Nathusius' Pipistrelle,UKBMG,UK-Bats
2023-09-11T21:46:17Z,2023-09-11,423,-59.7124,-77.2326,80998,4,15,554,Lotek,NTQB2-1-M,59,7.098899841308594,49660,2023-08-05T03:00:00Z,UKBMG#423:7.1@150.1(M.80998),2412,8369,52.9505,1.1221,CTT-98A5D0BB4E1D,Weybourne Atmospheric Observatory,yagi-6,220,Nathusius' Pipistrelle,UKBMG,UK-Bats
2023-09-11T21:46:24Z,2023-09-11,423,-61.9666,-72.737,80998,3,10,554,Lotek,NTQB2-1-M,59,7.098899841308594,49660,2023-08-05T03:00:00Z,UKBMG#423:7.1@150.1(M.80998),2412,8369,52.9505,1.1221,CTT-98A5D0BB4E1D,Weybourne Atmospheric Observatory,yagi-6,120,Nathusius' Pipistrelle,UKBMG,UK-Bats
2023-09-11T21:46:24Z,2023-09-11,423,-55.7267,-71.8312,80998,2,7,554,Lotek,NTQB2-1-M,59,7.098899841308594,49660,2023-08-05T03:00:00Z,UKBMG#423:7.1@150.1(M.80998),2412,8369,52.9505,1.1221,CTT-98A5D0BB4E1D,Weybourne Atmospheric Observatory,yagi-6,25,Nathusius' Pipistrelle,UKBMG,UK-Bats
2023-09-11T21:46:24Z,2023-09-11,423,-52.7855,-76.805,80998,4,15,554,Lotek,NTQB2-1-M,59,7.098899841308594,49660,2023-08-05T03:00:00Z,UKBMG#423:7.1@150.1(M.80998),2412,8369,52.9505,1.1221,CTT-98A5D0BB4E1D,Weybourne Atmospheric Observatory,yagi-6,220,Nathusius' Pipistrelle,UKBMG,UK-Bats
2023-09-11T21:46:31Z,2023-09-11,423,-64.6314,-72.5388,80998,3,10,554,Lotek,NTQB2-1-M,59,7.098899841308594,49660,2023-08-05T03:00:00Z,UKBMG#423:7.1@150.1(M.80998),2412,8369,52.9505,1.1221,CTT-98A5D0BB4E1D,Weybourne Atmospheric Observatory,yagi-6,120,Nathusius' Pipistrelle,UKBMG,UK-Bats
2023-09-11T21:46:31Z,2023-09-11,423,-60.7864,-71.0383,80998,2,7,554,Lotek,NTQB2-1-M,59,7.098899841308594,49660,2023-08-05T03:00:00Z,UKBMG#423:7.1@150.1(M.80998),2412,8369,52.9505,1.1221,CTT-98A5D0BB4E1D,Weybourne Atmospheric Observatory,yagi-6,25,Nathusius' Pipistrelle,UKBMG,UK-Bats
2023-09-11T21:46:31Z,2023-09-11,423,-49.4168,-76.0542,80998,4,15,554,Lotek,NTQB2-1-M,59,7.098899841308594,49660,2023-08-05T03:00:00Z,UKBMG#423:7.1@150.1(M.80998),2412,8369,52.9505,1.1221,CTT-98A5D0BB4E1D,Weybourne Atmospheric Observatory,yagi-6,220,Nathusius' Pipistrelle,UKBMG,UK-Bats
2023-09-11T21:46:38Z,2023-09-11,423,-61.689,-71.2167,80998,2,7,554,Lotek,NTQB2-1-M,59,7.098899841308594,49660,2023-08-05T03:00:00Z,UKBMG#423:7.1@150.1(M.80998),2412,8369,52.9505,1.1221,CTT-98A5D0BB4E1D,Weybourne Atmospheric Observatory,yagi-6,25,Nathusius' Pipistrelle,UKBMG,UK-Bats
2023-09-11T21:46:38Z,2023-09-11,423,-49.2216,-74.9195,80998,4,15,554,Lotek,NTQB2-1-M,59,7.098899841308594,49660,2023-08-05T03:00:00Z,UKBMG#423:7.1@150.1(M.80998),2412,8369,52.9505,1.1221,CTT-98A5D0BB4E1D,Weybourne Atmospheric Observatory,yagi-6,220,Nathusius' Pipistrelle,UKBMG,UK-Bats
2023-09-11T21:46:45Z,2023-09-11,423,-62.8243,-71.628,80998,2,7,554,Lotek,NTQB2-1-M,59,7.098899841308594,49660,2023-08-05T03:00:00Z,UKBMG#423:7.1@150.1(M.80998),2412,8369,52.9505,1.1221,CTT-98A5D0BB4E1D,Weybourne Atmospheric Observatory,yagi-6,25,Nathusius' Pipistrelle,UKBMG,UK-Bats
2023-09-11T21:46:45Z,2023-09-11,423,-52.7311,-75.8713,80998,4,15,554,Lotek,NTQB2-1-M,59,7.098899841308594,49660,2023-08-05T03:00:00Z,UKBMG#423:7.1@150.1(M.80998),2412,8369,52.9505,1.1221,CTT-98A5D0BB4E1D,Weybourne Atmospheric Observatory,yagi-6,220,Nathusius' Pipistrelle,UKBMG,UK-Bats
2023-09-11T21:46:52Z,2023-09-11,423,-57.8229,-76.6367,80998,4,15,554,Lotek,NTQB2-1-M,59,7.098899841308594,49660,2023-08-05T03:00:00Z,UKBMG#423:7.1@150.1(M.80998),2412,8369,52.9505,1.1221,CTT-98A5D0BB4E1D,Weybourne Atmospheric Observatory,yagi-6,220,Nathusius' Pipistrelle,UKBMG,UK-Bats
2023-09-11T21:46:59Z,2023-09-11,423,-57.3569,-77.1153,80998,4,15,554,Lotek,NTQB2-1-M,59,7.098899841308594,49660,2023-08-05T03:00:00Z,UKBMG#423:7.1@150.1(M.80998),2412,8369,52.9505,1.1221,CTT-98A5D0BB4E1D,Weybourne Atmospheric Observatory,yagi-6,220,Nathusius' Pipistrelle,UKBMG,UK-Bats
2023-09-11T21:47:06Z,2023-09-11,423,-61.2692,-72.9205,80998,3,10,554,Lotek,NTQB2-1-M,59,7.098899841308594,49660,2023-08-05T03:00:00Z,UKBMG#423:7.1@150.1(M.80998),2412,8369,52.9505,1.1221,CTT-98A5D0BB4E1D,Weybourne Atmospheric Observatory,yagi-6,120,Nathusius' Pipistrelle,UKBMG,UK-Bats
2023-09-11T21:47:06Z,2023-09-11,423,-48.9127,-76.1461,80998,4,15,554,Lotek,NTQB2-1-M,59,7.098899841308594,49660,2023-08-05T03:00:00Z,UKBMG#423:7.1@150.1(M.80998),2412,8369,52.9505,1.1221,CTT-98A5D0BB4E1D,Weybourne Atmospheric Observatory,yagi-6,220,Nathusius' Pipistrelle,UKBMG,UK-Bats
2023-09-11T21:47:14Z,2023-09-11,423,-61.9068,-72.706,80998,3,10,554,Lotek,NTQB2-1-M,59,7.098899841308594,49660,2023-08-05T03:00:00Z,UKBMG#423:7.1@150.1(M.80998),2412,8369,52.9505,1.1221,CTT-98A5D0BB4E1D,Weybourne Atmospheric Observatory,yagi-6,120,Nathusius' Pipistrelle,UKBMG,UK-Bats
2023-09-11T21:47:14Z,2023-09-11,423,-50.5454,-75.6422,80998,4,15,554,Lotek,NTQB2-1-M,59,7.098899841308594,49660,2023-08-05T03:00:00Z,UKBMG#423:7.1@150.1(M.80998),2412,8369,52.9505,1.1221,CTT-98A5D0BB4E1D,Weybourne Atmospheric Observatory,yagi-6,220,Nathusius' Pipistrelle,UKBMG,UK-Bats
2023-09-11T21:47:21Z,2023-09-11,423,-61.6133,-72.5658,80998,3,10,554,Lotek,NTQB2-1-M,59,7.098899841308594,49660,2023-08-05T03:00:00Z,UKBMG#423:7.1@150.1(M.80998),2412,8369,52.9505,1.1221,CTT-98A5D0BB4E1D,Weybourne Atmospheric Observatory,yagi-6,120,Nathusius' Pipistrelle,UKBMG,UK-Bats
2023-09-11T21:47:21Z,2023-09-11,423,-51.9093,-75.8534,80998,4,15,554,Lotek,NTQB2-1-M,59,7.098899841308594,49660,2023-08-05T03:00:00Z,UKBMG#423:7.1@150.1(M.80998),2412,8369,52.9505,1.1221,CTT-98A5D0BB4E1D,Weybourne Atmospheric Observatory,yagi-6,220,Nathusius' Pipistrelle,UKBMG,UK-Bats
2023-09-11T21:47:28Z,2023-09-11,423,-65.3146,-72.6314,80998,3,10,554,Lotek,NTQB2-1-M,59,7.098899841308594,49660,2023-08-05T03:00:00Z,UKBMG#423:7.1@150.1(M.80998),2412,8369,52.9505,1.1221,CTT-98A5D0BB4E1D,Weybourne Atmospheric Observatory,yagi-6,120,Nathusius' Pipistrelle,UKBMG,UK-Bats
2023-09-11T21:47:28Z,2023-09-11,423,-56.3057,-77.1015,80998,4,15,554,Lotek,NTQB2-1-M,59,7.098899841308594,49660,2023-08-05T03:00:00Z,UKBMG#423:7.1@150.1(M.80998),2412,8369,52.9505,1.1221,CTT-98A5D0BB4E1D,Weybourne Atmospheric Observatory,yagi-6,220,Nathusius' Pipistrelle,UKBMG,UK-Bats
2023-09-11T21:47:35Z,2023-09-11,423,-56.961,-76.9172,80998,4,15,554,Lotek,NTQB2-1-M,59,7.098899841308594,49660,2023-08-05T03:00:00Z,UKBMG#423:7.1@150.1(M.80998),2412,8369,52.9505,1.1221,CTT-98A5D0BB4E1D,Weybourne Atmospheric Observatory,yagi-6,220,Nathusius' Pipistrelle,UKBMG,UK-Bats
2023-09-11T21:47:42Z,2023-09-11,423,-66.3881,-77.1288,80998,4,15,554,Lotek,NTQB2-1-M,59,7.098899841308594,49660,2023-08-05T03:00:00Z,UKBMG#423:7.1@150.1(M.80998),2412,8369,52.9505,1.1221,CTT-98A5D0BB4E1D,Weybourne Atmospheric Observatory,yagi-6,220,Nathusius' Pipistrelle,UKBMG,UK-Bats
2023-10-07T09:22:14Z,2023-10-07,107,-65.3297,-72.233,79568,2,2,656,Lotek,NTQB2-1-M,29,3.1003000736236572,50272,2023-09-16T12:00:00Z,Helgoland.aut.2023#107:3.1@150.1(M.79568),2412,8369,52.9505,1.1221,CTT-98A5D0BB4E1D,Weybourne Atmospheric Observatory,yagi-6,25,Northern Wheatear,Helgoland.aut.2023,UK-Bats
2023-10-07T09:23:22Z,2023-10-07,107,-65.2201,-72.0316,79568,2,2,656,Lotek,NTQB2-1-M,29,3.1003000736236572,50272,2023-09-16T12:00:00Z,Helgoland.aut.2023#107:3.1@150.1(M.79568),2412,8369,52.9505,1.1221,CTT-98A5D0BB4E1D,Weybourne Atmospheric Observatory,yagi-6,25,Northern Wheatear,Helgoland.aut.2023,UK-Bats
2023-10-11T09:04:52Z,2023-10-11,186,-63.7125,-70.2825,81347,2,2,113,Lotek,NTP-1-M,30,8.099800109863281,50021,2023-10-09T08:15:00Z,WUR#186:8.1@150.1(M.81347),2412,8369,52.9505,1.1221,CTT-98A5D0BB4E1D,Weybourne Atmospheric Observatory,yagi-6,25,Yellow-browed Warbler,WUR,UK-Bats
2023-10-11T09:06:13Z,2023-10-11,186,-64.0377,-71.1159,81347,2,2,113,Lotek,NTP-1-M,30,8.099800109863281,50021,2023-10-09T08:15:00Z,WUR#186:8.1@150.1(M.81347),2412,8369,52.9505,1.1221,CTT-98A5D0BB4E1D,Weybourne Atmospheric Observatory,yagi-6,25,Yellow-browed Warbler,WUR,UK-Bats
2023-05-07T11:24:04Z,2023-05-07,190,-69.5104,-76.1551,71544,2,2,113,Lotek,NTQB2-4-2S-M,265,4.098700046539307,43723,2022-10-30T08:37:00Z,WUR#190:4.1@150.1(M.71544),2412,8369,52.9505,1.1221,CTT-98A5D0BB4E1D,Weybourne Atmospheric Observatory,yagi-6,25,Eurasian Blackbird,WUR,UK-Bats
2023-05-07T11:24:57Z,2023-05-07,190,-69.5476,-76.2991,71544,2,2,113,Lotek,NTQB2-4-2S-M,265,4.098700046539307,43723,2022-10-30T08:37:00Z,WUR#190:4.1@150.1(M.71544),2412,8369,52.9505,1.1221,CTT-98A5D0BB4E1D,Weybourne Atmospheric Observatory,yagi-6,25,Eurasian Blackbird,WUR,UK-Bats
2023-06-02T21:47:59Z,2023-06-02,312,-63.9899,-73.9348,75345,2,30,113,Lotek,NTQB2-3-2-M,216,7.299200057983398,45301,2023-04-17T08:50:00Z,WUR#312:7.3@150.1(M.75345),2412,8369,52.9505,1.1221,CTT-98A5D0BB4E1D,Weybourne Atmospheric Observatory,yagi-6,25,Red Knot,WUR,UK-Bats
2023-06-02T21:48:07Z,2023-06-02,312,-63.5925,-73.652,75345,2,30,113,Lotek,NTQB2-3-2-M,216,7.299200057983398,45301,2023-04-17T08:50:00Z,WUR#312:7.3@150.1(M.75345),2412,8369,52.9505,1.1221,CTT-98A5D0BB4E1D,Weybourne Atmospheric Observatory,yagi-6,25,Red Knot,WUR,UK-Bats
2023-06-02T21:48:14Z,2023-06-02,312,-64.4945,-73.7777,75345,2,30,113,Lotek,NTQB2-3-2-M,216,7.299200057983398,45301,2023-04-17T08:50:00Z,WUR#312:7.3@150.1(M.75345),2412,8369,52.9505,1.1221,CTT-98A5D0BB4E1D,Weybourne Atmospheric Observatory,yagi-6,25,Red Knot,WUR,UK-Bats
2023-06-02T21:48:21Z,2023-06-02,312,-66.6331,-73.6789,75345,2,30,113,Lotek,NTQB2-3-2-M,216,7.299200057983398,45301,2023-04-17T08:50:00Z,WUR#312:7.3@150.1(M.75345),2412,8369,52.9505,1.1221,CTT-98A5D0BB4E1D,Weybourne Atmospheric Observatory,yagi-6,25,Red Knot,WUR,UK-Bats
2023-06-02T21:48:29Z,2023-06-02,312,-64.1202,-73.8587,75345,2,30,113,Lotek,NTQB2-3-2-M,216,7.299200057983398,45301,2023-04-17T08:50:00Z,WUR#312:7.3@150.1(M.75345),2412,8369,52.9505,1.1221,CTT-98A5D0BB4E1D,Weybourne Atmospheric Observatory,yagi-6,25,Red Knot,WUR,UK-Bats
2023-06-02T21:48:36Z,2023-06-02,312,-64.4709,-73.4458,75345,2,30,113,Lotek,NTQB2-3-2-M,216,7.299200057983398,45301,2023-04-17T08:50:00Z,WUR#312:7.3@150.1(M.75345),2412,8369,52.9505,1.1221,CTT-98A5D0BB4E1D,Weybourne Atmospheric Observatory,yagi-6,25,Red Knot,WUR,UK-Bats
2023-06-02T21:48:43Z,2023-06-02,312,-64.0987,-73.5755,75345,2,30,113,Lotek,NTQB2-3-2-M,216,7.299200057983398,45301,2023-04-17T08:50:00Z,WUR#312:7.3@150.1(M.75345),2412,8369,52.9505,1.1221,CTT-98A5D0BB4E1D,Weybourne Atmospheric Observatory,yagi-6,25,Red Knot,WUR,UK-Bats
2023-06-02T21:48:50Z,2023-06-02,312,-63.9771,-73.9885,75345,2,30,113,Lotek,NTQB2-3-2-M,216,7.299200057983398,45301,2023-04-17T08:50:00Z,WUR#312:7.3@150.1(M.75345),2412,8369,52.9505,1.1221,CTT-98A5D0BB4E1D,Weybourne Atmospheric Observatory,yagi-6,25,Red Knot,WUR,UK-Bats
2023-06-02T21:48:58Z,2023-06-02,312,-62.8986,-73.4601,75345,2,30,113,Lotek,NTQB2-3-2-M,216,7.299200057983398,45301,2023-04-17T08:50:00Z,WUR#312:7.3@150.1(M.75345),2412,8369,52.9505,1.1221,CTT-98A5D0BB4E1D,Weybourne Atmospheric Observatory,yagi-6,25,Red Knot,WUR,UK-Bats
2023-06-02T21:49:05Z,2023-06-02,312,-63.1211,-73.3075,75345,2,30,113,Lotek,NTQB2-3-2-M,216,7.299200057983398,45301,2023-04-17T08:50:00Z,WUR#312:7.3@150.1(M.75345),2412,8369,52.9505,1.1221,CTT-98A5D0BB4E1D,Weybourne Atmospheric Observatory,yagi-6,25,Red Knot,WUR,UK-Bats
2023-06-02T21:49:12Z,2023-06-02,312,-63.0319,-73.8683,75345,2,30,113,Lotek,NTQB2-3-2-M,216,7.299200057983398,45301,2023-04-17T08:50:00Z,WUR#312:7.3@150.1(M.75345),2412,8369,52.9505,1.1221,CTT-98A5D0BB4E1D,Weybourne Atmospheric Observatory,yagi-6,25,Red Knot,WUR,UK-Bats
2023-06-02T21:49:20Z,2023-06-02,312,-64.6219,-73.3917,75345,2,30,113,Lotek,NTQB2-3-2-M,216,7.299200057983398,45301,2023-04-17T08:50:00Z,WUR#312:7.3@150.1(M.75345),2412,8369,52.9505,1.1221,CTT-98A5D0BB4E1D,Weybourne Atmospheric Observatory,yagi-6,25,Red Knot,WUR,UK-Bats
2023-06-02T21:49:27Z,2023-06-02,312,-61.4769,-74.2085,75345,2,30,113,Lotek,NTQB2-3-2-M,216,7.299200057983398,45301,2023-04-17T08:50:00Z,WUR#312:7.3@150.1(M.75345),2412,8369,52.9505,1.1221,CTT-98A5D0BB4E1D,Weybourne Atmospheric Observatory,yagi-6,25,Red Knot,WUR,UK-Bats
2023-06-02T21:49:34Z,2023-06-02,312,-60.2333,-73.5828,75345,2,30,113,Lotek,NTQB2-3-2-M,216,7.299200057983398,45301,2023-04-17T08:50:00Z,WUR#312:7.3@150.1(M.75345),2412,8369,52.9505,1.1221,CTT-98A5D0BB4E1D,Weybourne Atmospheric Observatory,yagi-6,25,Red Knot,WUR,UK-Bats
2023-06-02T21:49:42Z,2023-06-02,312,-63.0372,-73.6717,75345,2,30,113,Lotek,NTQB2-3-2-M,216,7.299200057983398,45301,2023-04-17T08:50:00Z,WUR#312:7.3@150.1(M.75345),2412,8369,52.9505,1.1221,CTT-98A5D0BB4E1D,Weybourne Atmospheric Observatory,yagi-6,25,Red Knot,WUR,UK-Bats
2023-06-02T21:49:49Z,2023-06-02,312,-63.0812,-73.6382,75345,2,30,113,Lotek,NTQB2-3-2-M,216,7.299200057983398,45301,2023-04-17T08:50:00Z,WUR#312:7.3@150.1(M.75345),2412,8369,52.9505,1.1221,CTT-98A5D0BB4E1D,Weybourne Atmospheric Observatory,yagi-6,25,Red Knot,WUR,UK-Bats
2023-06-02T21:49:56Z,2023-06-02,312,-64.3958,-73.6589,75345,2,30,113,Lotek,NTQB2-3-2-M,216,7.299200057983398,45301,2023-04-17T08:50:00Z,WUR#312:7.3@150.1(M.75345),2412,8369,52.9505,1.1221,CTT-98A5D0BB4E1D,Weybourne Atmospheric Observatory,yagi-6,25,Red Knot,WUR,UK-Bats
2023-06-02T21:50:03Z,2023-06-02,312,-64.4151,-73.8257,75345,2,30,113,Lotek,NTQB2-3-2-M,216,7.299200057983398,45301,2023-04-17T08:50:00Z,WUR#312:7.3@150.1(M.75345),2412,8369,52.9505,1.1221,CTT-98A5D0BB4E1D,Weybourne Atmospheric Observatory,yagi-6,25,Red Knot,WUR,UK-Bats
2023-06-02T21:50:11Z,2023-06-02,312,-62.0279,-73.3587,75345,2,30,113,Lotek,NTQB2-3-2-M,216,7.299200057983398,45301,2023-04-17T08:50:00Z,WUR#312:7.3@150.1(M.75345),2412,8369,52.9505,1.1221,CTT-98A5D0BB4E1D,Weybourne Atmospheric Observatory,yagi-6,25,Red Knot,WUR,UK-Bats
2023-06-02T21:50:18Z,2023-06-02,312,-62.5539,-73.9521,75345,2,30,113,Lotek,NTQB2-3-2-M,216,7.299200057983398,45301,2023-04-17T08:50:00Z,WUR#312:7.3@150.1(M.75345),2412,8369,52.9505,1.1221,CTT-98A5D0BB4E1D,Weybourne Atmospheric Observatory,yagi-6,25,Red Knot,WUR,UK-Bats
2023-06-02T21:50:25Z,2023-06-02,312,-63.5521,-73.8824,75345,2,30,113,Lotek,NTQB2-3-2-M,216,7.299200057983398,45301,2023-04-17T08:50:00Z,WUR#312:7.3@150.1(M.75345),2412,8369,52.9505,1.1221,CTT-98A5D0BB4E1D,Weybourne Atmospheric Observatory,yagi-6,25,Red Knot,WUR,UK-Bats
2023-06-02T21:50:33Z,2023-06-02,312,-61.2832,-73.5957,75345,2,30,113,Lotek,NTQB2-3-2-M,216,7.299200057983398,45301,2023-04-17T08:50:00Z,WUR#312:7.3@150.1(M.75345),2412,8369,52.9505,1.1221,CTT-98A5D0BB4E1D,Weybourne Atmospheric Observatory,yagi-6,25,Red Knot,WUR,UK-Bats
2023-06-02T21:50:40Z,2023-06-02,312,-64.2268,-73.7191,75345,2,30,113,Lotek,NTQB2-3-2-M,216,7.299200057983398,45301,2023-04-17T08:50:00Z,WUR#312:7.3@150.1(M.75345),2412,8369,52.9505,1.1221,CTT-98A5D0BB4E1D,Weybourne Atmospheric Observatory,yagi-6,25,Red Knot,WUR,UK-Bats
2023-06-02T21:50:47Z,2023-06-02,312,-64.1786,-73.1523,75345,2,30,113,Lotek,NTQB2-3-2-M,216,7.299200057983398,45301,2023-04-17T08:50:00Z,WUR#312:7.3@150.1(M.75345),2412,8369,52.9505,1.1221,CTT-98A5D0BB4E1D,Weybourne Atmospheric Observatory,yagi-6,25,Red Knot,WUR,UK-Bats
2023-06-02T21:50:55Z,2023-06-02,312,-64.703,-73.7135,75345,2,30,113,Lotek,NTQB2-3-2-M,216,7.299200057983398,45301,2023-04-17T08:50:00Z,WUR#312:7.3@150.1(M.75345),2412,8369,52.9505,1.1221,CTT-98A5D0BB4E1D,Weybourne Atmospheric Observatory,yagi-6,25,Red Knot,WUR,UK-Bats
2023-06-02T21:51:02Z,2023-06-02,312,-65.1588,-73.9684,75345,2,30,113,Lotek,NTQB2-3-2-M,216,7.299200057983398,45301,2023-04-17T08:50:00Z,WUR#312:7.3@150.1(M.75345),2412,8369,52.9505,1.1221,CTT-98A5D0BB4E1D,Weybourne Atmospheric Observatory,yagi-6,25,Red Knot,WUR,UK-Bats
2023-06-02T21:51:09Z,2023-06-02,312,-64.804,-73.0868,75345,2,30,113,Lotek,NTQB2-3-2-M,216,7.299200057983398,45301,2023-04-17T08:50:00Z,WUR#312:7.3@150.1(M.75345),2412,8369,52.9505,1.1221,CTT-98A5D0BB4E1D,Weybourne Atmospheric Observatory,yagi-6,25,Red Knot,WUR,UK-Bats
2023-06-02T21:51:16Z,2023-06-02,312,-65.7084,-73.8019,75345,2,30,113,Lotek,NTQB2-3-2-M,216,7.299200057983398,45301,2023-04-17T08:50:00Z,WUR#312:7.3@150.1(M.75345),2412,8369,52.9505,1.1221,CTT-98A5D0BB4E1D,Weybourne Atmospheric Observatory,yagi-6,25,Red Knot,WUR,UK-Bats
2023-06-02T21:51:24Z,2023-06-02,312,-64.2814,-74.0714,75345,2,30,113,Lotek,NTQB2-3-2-M,216,7.299200057983398,45301,2023-04-17T08:50:00Z,WUR#312:7.3@150.1(M.75345),2412,8369,52.9505,1.1221,CTT-98A5D0BB4E1D,Weybourne Atmospheric Observatory,yagi-6,25,Red Knot,WUR,UK-Bats
2023-06-02T21:51:31Z,2023-06-02,312,-65.2611,-73.6916,75345,2,30,113,Lotek,NTQB2-3-2-M,216,7.299200057983398,45301,2023-04-17T08:50:00Z,WUR#312:7.3@150.1(M.75345),2412,8369,52.9505,1.1221,CTT-98A5D0BB4E1D,Weybourne Atmospheric Observatory,yagi-6,25,Red Knot,WUR,UK-Bats
2023-08-15T17:38:53Z,2023-08-15,228,-62.9204,-70.3273,71580,3,2,113,Lotek,NTQB2-4-2S-M,310,4.899499893188477,43759,2022-11-09T10:59:00Z,WUR#228:4.9@150.1(M.71580),2412,8369,52.9505,1.1221,CTT-98A5D0BB4E1D,Weybourne Atmospheric Observatory,yagi-6,120,Eurasian Blackbird,WUR,UK-Bats
2023-08-15T17:39:27Z,2023-08-15,228,-62.7705,-70.1244,71580,3,2,113,Lotek,NTQB2-4-2S-M,310,4.899499893188477,43759,2022-11-09T10:59:00Z,WUR#228:4.9@150.1(M.71580),2412,8369,52.9505,1.1221,CTT-98A5D0BB4E1D,Weybourne Atmospheric Observatory,yagi-6,120,Eurasian Blackbird,WUR,UK-Bats
2023-08-15T17:39:06Z,2023-08-15,219,-62.706,-70.6905,71571,3,2,113,Lotek,NTQB2-4-2S-M,299,4.6992998123168945,43750,2022-11-06T10:03:00Z,WUR#219:4.7@150.1(M.71571),2412,8369,52.9505,1.1221,CTT-98A5D0BB4E1D,Weybourne Atmospheric Observatory,yagi-6,120,Eurasian Blackbird,WUR,UK-Bats
2023-08-15T17:39:53Z,2023-08-15,219,-58.3731,-67.4496,71571,3,2,113,Lotek,NTQB2-4-2S-M,299,4.6992998123168945,43750,2022-11-06T10:03:00Z,WUR#219:4.7@150.1(M.71571),2412,8369,52.9505,1.1221,CTT-98A5D0BB4E1D,Weybourne Atmospheric Observatory,yagi-6,120,Eurasian Blackbird,WUR,UK-Bats
2023-08-15T17:44:04Z,2023-08-15,45,-60.462,-68.5214,80039,3,2,654,Lotek,NTQB2-1-M,67,8.300000190734863,49140,2023-08-15T04:45:00Z,OWP.aut.2023#45:8.3@150.1(M.80039),2412,8369,52.9505,1.1221,CTT-98A5D0BB4E1D,Weybourne Atmospheric Observatory,yagi-6,120,Eurasian Reed Warbler,OWP.aut.2023,UK-Bats
2023-08-15T17:45:02Z,2023-08-15,45,-58.6009,-66.826,80039,3,2,654,Lotek,NTQB2-1-M,67,8.300000190734863,49140,2023-08-15T04:45:00Z,OWP.aut.2023#45:8.3@150.1(M.80039),2412,8369,52.9505,1.1221,CTT-98A5D0BB4E1D,Weybourne Atmospheric Observatory,yagi-6,120,Eurasian Reed Warbler,OWP.aut.2023,UK-Bats
2023-08-15T17:44:25Z,2023-08-15,267,-54.8374,-65.7412,75325,3,2,113,Lotek,NTQB2-3-2-M,216,7.299099922180176,45322,2023-04-16T09:30:00Z,WUR#267:7.3@150.1(M.75325),2412,8369,52.9505,1.1221,CTT-98A5D0BB4E1D,Weybourne Atmospheric Observatory,yagi-6,120,Red Knot,WUR,UK-Bats
2023-08-15T17:45:17Z,2023-08-15,267,-58.8226,-66.4576,75325,3,2,113,Lotek,NTQB2-3-2-M,216,7.299099922180176,45322,2023-04-16T09:30:00Z,WUR#267:7.3@150.1(M.75325),2412,8369,52.9505,1.1221,CTT-98A5D0BB4E1D,Weybourne Atmospheric Observatory,yagi-6,120,Red Knot,WUR,UK-Bats
2023-08-15T17:45:08Z,2023-08-15,327,-57.2935,-65.8632,75349,3,2,113,Lotek,NTQB2-3-2-M,216,7.299200057983398,45297,2023-04-17T07:28:00Z,WUR#327:7.3@150.1(M.75349),2412,8369,52.9505,1.1221,CTT-98A5D0BB4E1D,Weybourne Atmospheric Observatory,yagi-6,120,Red Knot,WUR,UK-Bats
2023-08-15T17:45:52Z,2023-08-15,327,-59.3882,-68.8908,75349,3,2,113,Lotek,NTQB2-3-2-M,216,7.299200057983398,45297,2023-04-17T07:28:00Z,WUR#327:7.3@150.1(M.75349),2412,8369,52.9505,1.1221,CTT-98A5D0BB4E1D,Weybourne Atmospheric Observatory,yagi-6,120,Red Knot,WUR,UK-Bats
2023-08-28T13:49:08Z,2023-08-28,248,-65.7573,-75.7821,74685,4,2,113,Lotek,NTQB2-3-2-M,216,7.298900127410889,44939,2023-05-13T13:30:00Z,WUR#248:7.3@150.1(M.74685),2412,8369,52.9505,1.1221,CTT-98A5D0BB4E1D,Weybourne Atmospheric Observatory,yagi-6,220,Bar-tailed Godwit,WUR,UK-Bats
2023-08-28T13:49:23Z,2023-08-28,248,-63.813,-74.9225,74685,4,2,113,Lotek,NTQB2-3-2-M,216,7.298900127410889,44939,2023-05-13T13:30:00Z,WUR#248:7.3@150.1(M.74685),2412,8369,52.9505,1.1221,CTT-98A5D0BB4E1D,Weybourne Atmospheric Observatory,yagi-6,220,Bar-tailed Godwit,WUR,UK-Bats
2023-09-11T21:45:55Z,2023-09-11,423,-63.7292,-72.4165,80998,3,10,554,Lotek,NTQB2-1-M,59,7.098899841308594,49660,2023-08-05T03:00:00Z,UKBMG#423:7.1@150.1(M.80998),2412,8369,52.9505,1.1221,CTT-98A5D0BB4E1D,Weybourne Atmospheric Observatory,yagi-6,120,Nathusius' Pipistrelle,UKBMG,UK-Bats
2023-09-11T21:46:03Z,2023-09-11,423,-62.9184,-72.7182,80998,3,10,554,Lotek,NTQB2-1-M,59,7.098899841308594,49660,2023-08-05T03:00:00Z,UKBMG#423:7.1@150.1(M.80998),2412,8369,52.9505,1.1221,CTT-98A5D0BB4E1D,Weybourne Atmospheric Observatory,yagi-6,120,Nathusius' Pipistrelle,UKBMG,UK-Bats
2023-09-11T21:46:10Z,2023-09-11,423,-63.7868,-72.7452,80998,3,10,554,Lotek,NTQB2-1-M,59,7.098899841308594,49660,2023-08-05T03:00:00Z,UKBMG#423:7.1@150.1(M.80998),2412,8369,52.9505,1.1221,CTT-98A5D0BB4E1D,Weybourne Atmospheric Observatory,yagi-6,120,Nathusius' Pipistrelle,UKBMG,UK-Bats
2023-09-11T21:46:03Z,2023-09-11,423,-59.819,-70.7801,80998,2,7,554,Lotek,NTQB2-1-M,59,7.098899841308594,49660,2023-08-05T03:00:00Z,UKBMG#423:7.1@150.1(M.80998),2412,8369,52.9505,1.1221,CTT-98A5D0BB4E1D,Weybourne Atmospheric Observatory,yagi-6,25,Nathusius' Pipistrelle,UKBMG,UK-Bats
2023-09-11T21:46:10Z,2023-09-11,423,-61.481,-71.6734,80998,2,7,554,Lotek,NTQB2-1-M,59,7.098899841308594,49660,2023-08-05T03:00:00Z,UKBMG#423:7.1@150.1(M.80998),2412,8369,52.9505,1.1221,CTT-98A5D0BB4E1D,Weybourne Atmospheric Observatory,yagi-6,25,Nathusius' Pipistrelle,UKBMG,UK-Bats
2023-09-11T21:46:03Z,2023-09-11,423,-66.5349,-76.942,80998,4,15,554,Lotek,NTQB2-1-M,59,7.098899841308594,49660,2023-08-05T03:00:00Z,UKBMG#423:7.1@150.1(M.80998),2412,8369,52.9505,1.1221,CTT-98A5D0BB4E1D,Weybourne Atmospheric Observatory,yagi-6,220,Nathusius' Pipistrelle,UKBMG,UK-Bats
2023-09-11T21:46:10Z,2023-09-11,423,-68.6989,-77.3199,80998,4,15,554,Lotek,NTQB2-1-M,59,7.098899841308594,49660,2023-08-05T03:00:00Z,UKBMG#423:7.1@150.1(M.80998),2412,8369,52.9505,1.1221,CTT-98A5D0BB4E1D,Weybourne Atmospheric Observatory,yagi-6,220,Nathusius' Pipistrelle,UKBMG,UK-Bats
2023-09-11T21:46:17Z,2023-09-11,423,-61.5936,-72.6248,80998,3,10,554,Lotek,NTQB2-1-M,59,7.098899841308594,49660,2023-08-05T03:00:00Z,UKBMG#423:7.1@150.1(M.80998),2412,8369,52.9505,1.1221,CTT-98A5D0BB4E1D,Weybourne Atmospheric Observatory,yagi-6,120,Nathusius' Pipistrelle,UKBMG,UK-Bats
2023-09-11T21:46:17Z,2023-09-11,423,-59.3658,-71.7103,80998,2,7,554,Lotek,NTQB2-1-M,59,7.098899841308594,49660,2023-08-05T03:00:00Z,UKBMG#423:7.1@150.1(M.80998),2412,8369,52.9505,1.1221,CTT-98A5D0BB4E1D,Weybourne Atmospheric Observatory,yagi-6,25,Nathusius' Pipistrelle,UKBMG,UK-Bats
2023-09-11T21:46:17Z,2023-09-11,423,-59.7124,-77.2326,80998,4,15,554,Lotek,NTQB2-1-M,59,7.098899841308594,49660,2023-08-05T03:00:00Z,UKBMG#423:7.1@150.1(M.80998),2412,8369,52.9505,1.1221,CTT-98A5D0BB4E1D,Weybourne Atmospheric Observatory,yagi-6,220,Nathusius' Pipistrelle,UKBMG,UK-Bats
2023-09-11T21:46:24Z,2023-09-11,423,-61.9666,-72.737,80998,3,10,554,Lotek,NTQB2-1-M,59,7.098899841308594,49660,2023-08-05T03:00:00Z,UKBMG#423:7.1@150.1(M.80998),2412,8369,52.9505,1.1221,CTT-98A5D0BB4E1D,Weybourne Atmospheric Observatory,yagi-6,120,Nathusius' Pipistrelle,UKBMG,UK-Bats
2023-09-11T21:46:24Z,2023-09-11,423,-55.7267,-71.8312,80998,2,7,554,Lotek,NTQB2-1-M,59,7.098899841308594,49660,2023-08-05T03:00:00Z,UKBMG#423:7.1@150.1(M.80998),2412,8369,52.9505,1.1221,CTT-98A5D0BB4E1D,Weybourne Atmospheric Observatory,yagi-6,25,Nathusius' Pipistrelle,UKBMG,UK-Bats
2023-09-11T21:46:24Z,2023-09-11,423,-52.7855,-76.805,80998,4,15,554,Lotek,NTQB2-1-M,59,7.098899841308594,49660,2023-08-05T03:00:00Z,UKBMG#423:7.1@150.1(M.80998),2412,8369,52.9505,1.1221,CTT-98A5D0BB4E1D,Weybourne Atmospheric Observatory,yagi-6,220,Nathusius' Pipistrelle,UKBMG,UK-Bats
2023-09-11T21:46:31Z,2023-09-11,423,-64.6314,-72.5388,80998,3,10,554,Lotek,NTQB2-1-M,59,7.098899841308594,49660,2023-08-05T03:00:00Z,UKBMG#423:7.1@150.1(M.80998),2412,8369,52.9505,1.1221,CTT-98A5D0BB4E1D,Weybourne Atmospheric Observatory,yagi-6,120,Nathusius' Pipistrelle,UKBMG,UK-Bats
2023-09-11T21:46:31Z,2023-09-11,423,-60.7864,-71.0383,80998,2,7,554,Lotek,NTQB2-1-M,59,7.098899841308594,49660,2023-08-05T03:00:00Z,UKBMG#423:7.1@150.1(M.80998),2412,8369,52.9505,1.1221,CTT-98A5D0BB4E1D,Weybourne Atmospheric Observatory,yagi-6,25,Nathusius' Pipistrelle,UKBMG,UK-Bats
2023-09-11T21:46:31Z,2023-09-11,423,-49.4168,-76.0542,80998,4,15,554,Lotek,NTQB2-1-M,59,7.098899841308594,49660,2023-08-05T03:00:00Z,UKBMG#423:7.1@150.1(M.80998),2412,8369,52.9505,1.1221,CTT-98A5D0BB4E1D,Weybourne Atmospheric Observatory,yagi-6,220,Nathusius' Pipistrelle,UKBMG,UK-Bats
2023-09-11T21:46:38Z,2023-09-11,423,-61.689,-71.2167,80998,2,7,554,Lotek,NTQB2-1-M,59,7.098899841308594,49660,2023-08-05T03:00:00Z,UKBMG#423:7.1@150.1(M.80998),2412,8369,52.9505,1.1221,CTT-98A5D0BB4E1D,Weybourne Atmospheric Observatory,yagi-6,25,Nathusius' Pipistrelle,UKBMG,UK-Bats
2023-09-11T21:46:38Z,2023-09-11,423,-49.2216,-74.9195,80998,4,15,554,Lotek,NTQB2-1-M,59,7.098899841308594,49660,2023-08-05T03:00:00Z,UKBMG#423:7.1@150.1(M.80998),2412,8369,52.9505,1.1221,CTT-98A5D0BB4E1D,Weybourne Atmospheric Observatory,yagi-6,220,Nathusius' Pipistrelle,UKBMG,UK-Bats
2023-09-11T21:46:45Z,2023-09-11,423,-62.8243,-71.628,80998,2,7,554,Lotek,NTQB2-1-M,59,7.098899841308594,49660,2023-08-05T03:00:00Z,UKBMG#423:7.1@150.1(M.80998),2412,8369,52.9505,1.1221,CTT-98A5D0BB4E1D,Weybourne Atmospheric Observatory,yagi-6,25,Nathusius' Pipistrelle,UKBMG,UK-Bats
2023-09-11T21:46:45Z,2023-09-11,423,-52.7311,-75.8713,80998,4,15,554,Lotek,NTQB2-1-M,59,7.098899841308594,49660,2023-08-05T03:00:00Z,UKBMG#423:7.1@150.1(M.80998),2412,8369,52.9505,1.1221,CTT-98A5D0BB4E1D,Weybourne Atmospheric Observatory,yagi-6,220,Nathusius' Pipistrelle,UKBMG,UK-Bats
2023-09-11T21:46:52Z,2023-09-11,423,-57.8229,-76.6367,80998,4,15,554,Lotek,NTQB2-1-M,59,7.098899841308594,49660,2023-08-05T03:00:00Z,UKBMG#423:7.1@150.1(M.80998),2412,8369,52.9505,1.1221,CTT-98A5D0BB4E1D,Weybourne Atmospheric Observatory,yagi-6,220,Nathusius' Pipistrelle,UKBMG,UK-Bats
2023-09-11T21:46:59Z,2023-09-11,423,-57.3569,-77.1153,80998,4,15,554,Lotek,NTQB2-1-M,59,7.098899841308594,49660,2023-08-05T03:00:00Z,UKBMG#423:7.1@150.1(M.80998),2412,8369,52.9505,1.1221,CTT-98A5D0BB4E1D,Weybourne Atmospheric Observatory,yagi-6,220,Nathusius' Pipistrelle,UKBMG,UK-Bats
2023-09-11T21:47:06Z,2023-09-11,423,-61.2692,-72.9205,80998,3,10,554,Lotek,NTQB2-1-M,59,7.098899841308594,49660,2023-08-05T03:00:00Z,UKBMG#423:7.1@150.1(M.80998),2412,8369,52.9505,1.1221,CTT-98A5D0BB4E1D,Weybourne Atmospheric Observatory,yagi-6,120,Nathusius' Pipistrelle,UKBMG,UK-Bats
2023-09-11T21:47:06Z,2023-09-11,423,-48.9127,-76.1461,80998,4,15,554,Lotek,NTQB2-1-M,59,7.098899841308594,49660,2023-08-05T03:00:00Z,UKBMG#423:7.1@150.1(M.80998),2412,8369,52.9505,1.1221,CTT-98A5D0BB4E1D,Weybourne Atmospheric Observatory,yagi-6,220,Nathusius' Pipistrelle,UKBMG,UK-Bats
2023-09-11T21:47:14Z,2023-09-11,423,-61.9068,-72.706,80998,3,10,554,Lotek,NTQB2-1-M,59,7.098899841308594,49660,2023-08-05T03:00:00Z,UKBMG#423:7.1@150.1(M.80998),2412,8369,52.9505,1.1221,CTT-98A5D0BB4E1D,Weybourne Atmospheric Observatory,yagi-6,120,Nathusius' Pipistrelle,UKBMG,UK-Bats
2023-09-11T21:47:14Z,2023-09-11,423,-50.5454,-75.6422,80998,4,15,554,Lotek,NTQB2-1-M,59,7.098899841308594,49660,2023-08-05T03:00:00Z,UKBMG#423:7.1@150.1(M.80998),2412,8369,52.9505,1.1221,CTT-98A5D0BB4E1D,Weybourne Atmospheric Observatory,yagi-6,220,Nathusius' Pipistrelle,UKBMG,UK-Bats
2023-09-11T21:47:21Z,2023-09-11,423,-61.6133,-72.5658,80998,3,10,554,Lotek,NTQB2-1-M,59,7.098899841308594,49660,2023-08-05T03:00:00Z,UKBMG#423:7.1@150.1(M.80998),2412,8369,52.9505,1.1221,CTT-98A5D0BB4E1D,Weybourne Atmospheric Observatory,yagi-6,120,Nathusius' Pipistrelle,UKBMG,UK-Bats
2023-09-11T21:47:21Z,2023-09-11,423,-51.9093,-75.8534,80998,4,15,554,Lotek,NTQB2-1-M,59,7.098899841308594,49660,2023-08-05T03:00:00Z,UKBMG#423:7.1@150.1(M.80998),2412,8369,52.9505,1.1221,CTT-98A5D0BB4E1D,Weybourne Atmospheric Observatory,yagi-6,220,Nathusius' Pipistrelle,UKBMG,UK-Bats
2023-09-11T21:47:28Z,2023-09-11,423,-65.3146,-72.6314,80998,3,10,554,Lotek,NTQB2-1-M,59,7.098899841308594,49660,2023-08-05T03:00:00Z,UKBMG#423:7.1@150.1(M.80998),2412,8369,52.9505,1.1221,CTT-98A5D0BB4E1D,Weybourne Atmospheric Observatory,yagi-6,120,Nathusius' Pipistrelle,UKBMG,UK-Bats
2023-09-11T21:47:28Z,2023-09-11,423,-56.3057,-77.1015,80998,4,15,554,Lotek,NTQB2-1-M,59,7.098899841308594,49660,2023-08-05T03:00:00Z,UKBMG#423:7.1@150.1(M.80998),2412,8369,52.9505,1.1221,CTT-98A5D0BB4E1D,Weybourne Atmospheric Observatory,yagi-6,220,Nathusius' Pipistrelle,UKBMG,UK-Bats
2023-09-11T21:47:35Z,2023-09-11,423,-56.961,-76.9172,80998,4,15,554,Lotek,NTQB2-1-M,59,7.098899841308594,49660,2023-08-05T03:00:00Z,UKBMG#423:7.1@150.1(M.80998),2412,8369,52.9505,1.1221,CTT-98A5D0BB4E1D,Weybourne Atmospheric Observatory,yagi-6,220,Nathusius' Pipistrelle,UKBMG,UK-Bats
2023-09-11T21:47:42Z,2023-09-11,423,-66.3881,-77.1288,80998,4,15,554,Lotek,NTQB2-1-M,59,7.098899841308594,49660,2023-08-05T03:00:00Z,UKBMG#423:7.1@150.1(M.80998),2412,8369,52.9505,1.1221,CTT-98A5D0BB4E1D,Weybourne Atmospheric Observatory,yagi-6,220,Nathusius' Pipistrelle,UKBMG,UK-Bats
2023-10-07T09:22:14Z,2023-10-07,107,-65.3297,-72.233,79568,2,2,656,Lotek,NTQB2-1-M,29,3.1003000736236572,50272,2023-09-16T12:00:00Z,Helgoland.aut.2023#107:3.1@150.1(M.79568),2412,8369,52.9505,1.1221,CTT-98A5D0BB4E1D,Weybourne Atmospheric Observatory,yagi-6,25,Northern Wheatear,Helgoland.aut.2023,UK-Bats
2023-10-07T09:23:22Z,2023-10-07,107,-65.2201,-72.0316,79568,2,2,656,Lotek,NTQB2-1-M,29,3.1003000736236572,50272,2023-09-16T12:00:00Z,Helgoland.aut.2023#107:3.1@150.1(M.79568),2412,8369,52.9505,1.1221,CTT-98A5D0BB4E1D,Weybourne Atmospheric Observatory,yagi-6,25,Northern Wheatear,Helgoland.aut.2023,UK-Bats
2023-10-17T00:23:51Z,2023-10-16,192,-69.1882,-76.0622,81353,4,22,113,Lotek,NTP-1-M,30,8.099499702453613,50039,2023-10-08T12:05:00Z,WUR#192:8.1@150.1(M.81353),2412,8369,52.9505,1.1221,CTT-98A5D0BB4E1D,Weybourne Atmospheric Observatory,yagi-6,220,Goldcrest,WUR,UK-Bats
2023-10-17T00:23:59Z,2023-10-16,192,-65.7528,-76.0589,81353,4,22,113,Lotek,NTP-1-M,30,8.099499702453613,50039,2023-10-08T12:05:00Z,WUR#192:8.1@150.1(M.81353),2412,8369,52.9505,1.1221,CTT-98A5D0BB4E1D,Weybourne Atmospheric Observatory,yagi-6,220,Goldcrest,WUR,UK-Bats
2023-10-17T00:24:07Z,2023-10-16,192,-63.3398,-76.0429,81353,4,22,113,Lotek,NTP-1-M,30,8.099499702453613,50039,2023-10-08T12:05:00Z,WUR#192:8.1@150.1(M.81353),2412,8369,52.9505,1.1221,CTT-98A5D0BB4E1D,Weybourne Atmospheric Observatory,yagi-6,220,Goldcrest,WUR,UK-Bats
2023-10-17T00:24:15Z,2023-10-16,192,-67.8677,-76.4938,81353,4,22,113,Lotek,NTP-1-M,30,8.099499702453613,50039,2023-10-08T12:05:00Z,WUR#192:8.1@150.1(M.81353),2412,8369,52.9505,1.1221,CTT-98A5D0BB4E1D,Weybourne Atmospheric Observatory,yagi-6,220,Goldcrest,WUR,UK-Bats
2023-10-17T00:24:23Z,2023-10-16,192,-60.7762,-76.1033,81353,4,22,113,Lotek,NTP-1-M,30,8.099499702453613,50039,2023-10-08T12:05:00Z,WUR#192:8.1@150.1(M.81353),2412,8369,52.9505,1.1221,CTT-98A5D0BB4E1D,Weybourne Atmospheric Observatory,yagi-6,220,Goldcrest,WUR,UK-Bats
2023-10-17T00:24:31Z,2023-10-16,192,-57.1847,-75.5544,81353,4,22,113,Lotek,NTP-1-M,30,8.099499702453613,50039,2023-10-08T12:05:00Z,WUR#192:8.1@150.1(M.81353),2412,8369,52.9505,1.1221,CTT-98A5D0BB4E1D,Weybourne Atmospheric Observatory,yagi-6,220,Goldcrest,WUR,UK-Bats
2023-10-17T00:24:39Z,2023-10-16,192,-56.4763,-75.9047,81353,4,22,113,Lotek,NTP-1-M,30,8.099499702453613,50039,2023-10-08T12:05:00Z,WUR#192:8.1@150.1(M.81353),2412,8369,52.9505,1.1221,CTT-98A5D0BB4E1D,Weybourne Atmospheric Observatory,yagi-6,220,Goldcrest,WUR,UK-Bats
2023-10-17T00:24:47Z,2023-10-16,192,-55.4999,-75.879,81353,4,22,113,Lotek,NTP-1-M,30,8.099499702453613,50039,2023-10-08T12:05:00Z,WUR#192:8.1@150.1(M.81353),2412,8369,52.9505,1.1221,CTT-98A5D0BB4E1D,Weybourne Atmospheric Observatory,yagi-6,220,Goldcrest,WUR,UK-Bats
2023-10-17T00:24:55Z,2023-10-16,192,-52.5677,-76.0113,81353,4,22,113,Lotek,NTP-1-M,30,8.099499702453613,50039,2023-10-08T12:05:00Z,WUR#192:8.1@150.1(M.81353),2412,8369,52.9505,1.1221,CTT-98A5D0BB4E1D,Weybourne Atmospheric Observatory,yagi-6,220,Goldcrest,WUR,UK-Bats
2023-10-17T00:25:04Z,2023-10-16,192,-51.5122,-75.476,81353,4,22,113,Lotek,NTP-1-M,30,8.099499702453613,50039,2023-10-08T12:05:00Z,WUR#192:8.1@150.1(M.81353),2412,8369,52.9505,1.1221,CTT-98A5D0BB4E1D,Weybourne Atmospheric Observatory,yagi-6,220,Goldcrest,WUR,UK-Bats
2023-10-17T00:25:12Z,2023-10-16,192,-51.8942,-75.2556,81353,4,22,113,Lotek,NTP-1-M,30,8.099499702453613,50039,2023-10-08T12:05:00Z,WUR#192:8.1@150.1(M.81353),2412,8369,52.9505,1.1221,CTT-98A5D0BB4E1D,Weybourne Atmospheric Observatory,yagi-6,220,Goldcrest,WUR,UK-Bats
2023-10-17T00:25:20Z,2023-10-16,192,-49.9379,-74.8589,81353,4,22,113,Lotek,NTP-1-M,30,8.099499702453613,50039,2023-10-08T12:05:00Z,WUR#192:8.1@150.1(M.81353),2412,8369,52.9505,1.1221,CTT-98A5D0BB4E1D,Weybourne Atmospheric Observatory,yagi-6,220,Goldcrest,WUR,UK-Bats
2023-10-17T00:25:28Z,2023-10-16,192,-51.6115,-75.7168,81353,4,22,113,Lotek,NTP-1-M,30,8.099499702453613,50039,2023-10-08T12:05:00Z,WUR#192:8.1@150.1(M.81353),2412,8369,52.9505,1.1221,CTT-98A5D0BB4E1D,Weybourne Atmospheric Observatory,yagi-6,220,Goldcrest,WUR,UK-Bats
2023-10-17T00:25:36Z,2023-10-16,192,-51.5042,-75.8118,81353,4,22,113,Lotek,NTP-1-M,30,8.099499702453613,50039,2023-10-08T12:05:00Z,WUR#192:8.1@150.1(M.81353),2412,8369,52.9505,1.1221,CTT-98A5D0BB4E1D,Weybourne Atmospheric Observatory,yagi-6,220,Goldcrest,WUR,UK-Bats
2023-10-17T00:25:44Z,2023-10-16,192,-51.6555,-75.7347,81353,4,22,113,Lotek,NTP-1-M,30,8.099499702453613,50039,2023-10-08T12:05:00Z,WUR#192:8.1@150.1(M.81353),2412,8369,52.9505,1.1221,CTT-98A5D0BB4E1D,Weybourne Atmospheric Observatory,yagi-6,220,Goldcrest,WUR,UK-Bats
2023-10-17T00:25:52Z,2023-10-16,192,-52.9827,-75.8253,81353,4,22,113,Lotek,NTP-1-M,30,8.099499702453613,50039,2023-10-08T12:05:00Z,WUR#192:8.1@150.1(M.81353),2412,8369,52.9505,1.1221,CTT-98A5D0BB4E1D,Weybourne Atmospheric Observatory,yagi-6,220,Goldcrest,WUR,UK-Bats
2023-10-17T00:26:00Z,2023-10-16,192,-54.3102,-75.9963,81353,4,22,113,Lotek,NTP-1-M,30,8.099499702453613,50039,2023-10-08T12:05:00Z,WUR#192:8.1@150.1(M.81353),2412,8369,52.9505,1.1221,CTT-98A5D0BB4E1D,Weybourne Atmospheric Observatory,yagi-6,220,Goldcrest,WUR,UK-Bats
2023-10-17T00:26:08Z,2023-10-16,192,-54.9602,-75.8587,81353,4,22,113,Lotek,NTP-1-M,30,8.099499702453613,50039,2023-10-08T12:05:00Z,WUR#192:8.1@150.1(M.81353),2412,8369,52.9505,1.1221,CTT-98A5D0BB4E1D,Weybourne Atmospheric Observatory,yagi-6,220,Goldcrest,WUR,UK-Bats
2023-10-17T00:26:16Z,2023-10-16,192,-56.7203,-75.8287,81353,4,22,113,Lotek,NTP-1-M,30,8.099499702453613,50039,2023-10-08T12:05:00Z,WUR#192:8.1@150.1(M.81353),2412,8369,52.9505,1.1221,CTT-98A5D0BB4E1D,Weybourne Atmospheric Observatory,yagi-6,220,Goldcrest,WUR,UK-Bats
2023-10-17T00:26:25Z,2023-10-16,192,-60.6987,-76.0328,81353,4,22,113,Lotek,NTP-1-M,30,8.099499702453613,50039,2023-10-08T12:05:00Z,WUR#192:8.1@150.1(M.81353),2412,8369,52.9505,1.1221,CTT-98A5D0BB4E1D,Weybourne Atmospheric Observatory,yagi-6,220,Goldcrest,WUR,UK-Bats
2023-10-17T00:26:33Z,2023-10-16,192,-64.0861,-76.1698,81353,4,22,113,Lotek,NTP-1-M,30,8.099499702453613,50039,2023-10-08T12:05:00Z,WUR#192:8.1@150.1(M.81353),2412,8369,52.9505,1.1221,CTT-98A5D0BB4E1D,Weybourne Atmospheric Observatory,yagi-6,220,Goldcrest,WUR,UK-Bats
2023-10-17T00:26:41Z,2023-10-16,192,-66.3952,-76.29,81353,4,22,113,Lotek,NTP-1-M,30,8.099499702453613,50039,2023-10-08T12:05:00Z,WUR#192:8.1@150.1(M.81353),2412,8369,52.9505,1.1221,CTT-98A5D0BB4E1D,Weybourne Atmospheric Observatory,yagi-6,220,Goldcrest,WUR,UK-Bats
2023-10-17T00:31:40Z,2023-10-16,192,-69.2719,-76.483,81353,1,4,113,Lotek,NTP-1-M,30,8.099499702453613,50039,2023-10-08T12:05:00Z,WUR#192:8.1@150.1(M.81353),2412,8369,52.9505,1.1221,CTT-98A5D0BB4E1D,Weybourne Atmospheric Observatory,yagi-6,300,Goldcrest,WUR,UK-Bats
2023-10-17T00:32:21Z,2023-10-16,192,-68.8976,-76.1635,81353,1,4,113,Lotek,NTP-1-M,30,8.099499702453613,50039,2023-10-08T12:05:00Z,WUR#192:8.1@150.1(M.81353),2412,8369,52.9505,1.1221,CTT-98A5D0BB4E1D,Weybourne Atmospheric Observatory,yagi-6,300,Goldcrest,WUR,UK-Bats
2023-10-17T00:32:29Z,2023-10-16,192,-68.9104,-76.2104,81353,1,4,113,Lotek,NTP-1-M,30,8.099499702453613,50039,2023-10-08T12:05:00Z,WUR#192:8.1@150.1(M.81353),2412,8369,52.9505,1.1221,CTT-98A5D0BB4E1D,Weybourne Atmospheric Observatory,yagi-6,300,Goldcrest,WUR,UK-Bats
2023-10-17T00:33:42Z,2023-10-16,192,-69.0232,-76.3716,81353,1,4,113,Lotek,NTP-1-M,30,8.099499702453613,50039,2023-10-08T12:05:00Z,WUR#192:8.1@150.1(M.81353),2412,8369,52.9505,1.1221,CTT-98A5D0BB4E1D,Weybourne Atmospheric Observatory,yagi-6,300,Goldcrest,WUR,UK-Bats
2023-10-19T11:59:56Z,2023-10-19,186,-63.7665,-70.5534,81347,2,2,113,Lotek,NTP-1-M,30,8.099800109863281,50021,2023-10-09T08:15:00Z,WUR#186:8.1@150.1(M.81347),2412,8369,52.9505,1.1221,CTT-98A5D0BB4E1D,Weybourne Atmospheric Observatory,yagi-6,25,Yellow-browed Warbler,WUR,UK-Bats
2023-10-19T12:00:44Z,2023-10-19,186,-63.3699,-70.8797,81347,2,2,113,Lotek,NTP-1-M,30,8.099800109863281,50021,2023-10-09T08:15:00Z,WUR#186:8.1@150.1(M.81347),2412,8369,52.9505,1.1221,CTT-98A5D0BB4E1D,Weybourne Atmospheric Observatory,yagi-6,25,Yellow-browed Warbler,WUR,UK-Bats
2023-10-19T13:03:54Z,2023-10-19,268,-64.969,-71.8187,75326,2,2,113,Lotek,NTQB2-3-2-M,216,7.299200057983398,45321,2023-04-16T09:30:00Z,WUR#268:7.3@150.1(M.75326),2412,8369,52.9505,1.1221,CTT-98A5D0BB4E1D,Weybourne Atmospheric Observatory,yagi-6,25,Red Knot,WUR,UK-Bats
2023-10-19T13:05:07Z,2023-10-19,268,-64.8998,-71.5065,75326,2,2,113,Lotek,NTQB2-3-2-M,216,7.299200057983398,45321,2023-04-16T09:30:00Z,WUR#268:7.3@150.1(M.75326),2412,8369,52.9505,1.1221,CTT-98A5D0BB4E1D,Weybourne Atmospheric Observatory,yagi-6,25,Red Knot,WUR,UK-Bats
2023-10-22T11:21:33Z,2023-10-22,13,-65.0101,-71.5138,67541,2,2,223,Lotek,NTQB2-4-2S-M,608,11.297300338745117,49911,2023-09-08T08:47:00Z,Baltic#13:11.3@150.1(M.67541),2412,8369,52.9505,1.1221,CTT-98A5D0BB4E1D,Weybourne Atmospheric Observatory,yagi-6,25,Eurasian Blackbird,Baltic,UK-Bats
2023-10-22T11:22:52Z,2023-10-22,13,-65.04,-71.5791,67541,2,2,223,Lotek,NTQB2-4-2S-M,608,11.297300338745117,49911,2023-09-08T08:47:00Z,Baltic#13:11.3@150.1(M.67541),2412,8369,52.9505,1.1221,CTT-98A5D0BB4E1D,Weybourne Atmospheric Observatory,yagi-6,25,Eurasian Blackbird,Baltic,UK-Bats
2023-10-25T14:15:19Z,2023-10-25,18,-63.5851,-71.14,81639,2,2,113,Lotek,NTQB2-3-2-M,223,7.5995001792907715,50954,2023-10-17T10:30:00Z,WUR#18:7.6@150.1(M.81639),2412,8369,52.9505,1.1221,CTT-98A5D0BB4E1D,Weybourne Atmospheric Observatory,yagi-6,25,Eurasian Skylark,WUR,UK-Bats
2023-10-25T14:16:43Z,2023-10-25,18,-63.3001,-71.1507,81639,2,2,113,Lotek,NTQB2-3-2-M,223,7.5995001792907715,50954,2023-10-17T10:30:00Z,WUR#18:7.6@150.1(M.81639),2412,8369,52.9505,1.1221,CTT-98A5D0BB4E1D,Weybourne Atmospheric Observatory,yagi-6,25,Eurasian Skylark,WUR,UK-Bats
2023-10-27T10:37:58Z,2023-10-27,88,-64.215,-71.0784,77944,2,2,389,Lotek,NTQB2-2-M,209,22.8981990814209,50089,2023-05-25T13:45:00Z,pre-mig flights#88:22.9@150.1(M.77944),2412,8369,52.9505,1.1221,CTT-98A5D0BB4E1D,Weybourne Atmospheric Observatory,yagi-6,25,Northern Wheatear (Eurasian),pre-mig flights,UK-Bats
2023-10-27T10:38:44Z,2023-10-27,88,-64.4597,-71.3657,77944,2,2,389,Lotek,NTQB2-2-M,209,22.8981990814209,50089,2023-05-25T13:45:00Z,pre-mig flights#88:22.9@150.1(M.77944),2412,8369,52.9505,1.1221,CTT-98A5D0BB4E1D,Weybourne Atmospheric Observatory,yagi-6,25,Northern Wheatear (Eurasian),pre-mig flights,UK-Bats
2023-11-02T14:22:31Z,2023-11-02,88,-64.2747,-71.3226,78648,2,2,365,Lotek,NTQB2-1-M,34,3.7007999420166016,50987,2023-10-21T07:30:00Z,UKMotus#88:3.7@150.1(M.78648),2412,8369,52.9505,1.1221,CTT-98A5D0BB4E1D,Weybourne Atmospheric Observatory,yagi-6,25,Eurasian Blackcap,UKMotus,UK-Bats
2023-11-02T14:23:34Z,2023-11-02,88,-64.6663,-71.1815,78648,2,2,365,Lotek,NTQB2-1-M,34,3.7007999420166016,50987,2023-10-21T07:30:00Z,UKMotus#88:3.7@150.1(M.78648),2412,8369,52.9505,1.1221,CTT-98A5D0BB4E1D,Weybourne Atmospheric Observatory,yagi-6,25,Eurasian Blackcap,UKMotus,UK-Bats
2023-11-16T19:28:31Z,2023-11-16,470,-63.0658,-71.7732,81628,4,23,113,Lotek,NTQB2-3-2-M,216,7.299200057983398,50868,2023-11-03T11:15:00Z,WUR#470:7.3@150.1(M.81628),2412,8369,52.9505,1.1221,CTT-98A5D0BB4E1D,Weybourne Atmospheric Observatory,yagi-6,220,European Starling,WUR,UK-Bats
2023-11-16T19:28:39Z,2023-11-16,470,-59.1988,-71.703,81628,4,23,113,Lotek,NTQB2-3-2-M,216,7.299200057983398,50868,2023-11-03T11:15:00Z,WUR#470:7.3@150.1(M.81628),2412,8369,52.9505,1.1221,CTT-98A5D0BB4E1D,Weybourne Atmospheric Observatory,yagi-6,220,European Starling,WUR,UK-Bats
2023-11-16T19:28:46Z,2023-11-16,470,-58.8949,-72.5321,81628,4,23,113,Lotek,NTQB2-3-2-M,216,7.299200057983398,50868,2023-11-03T11:15:00Z,WUR#470:7.3@150.1(M.81628),2412,8369,52.9505,1.1221,CTT-98A5D0BB4E1D,Weybourne Atmospheric Observatory,yagi-6,220,European Starling,WUR,UK-Bats
2023-11-16T19:28:53Z,2023-11-16,470,-55.5441,-72.1243,81628,4,23,113,Lotek,NTQB2-3-2-M,216,7.299200057983398,50868,2023-11-03T11:15:00Z,WUR#470:7.3@150.1(M.81628),2412,8369,52.9505,1.1221,CTT-98A5D0BB4E1D,Weybourne Atmospheric Observatory,yagi-6,220,European Starling,WUR,UK-Bats
2023-11-16T19:29:01Z,2023-11-16,470,-53.6333,-71.6071,81628,4,23,113,Lotek,NTQB2-3-2-M,216,7.299200057983398,50868,2023-11-03T11:15:00Z,WUR#470:7.3@150.1(M.81628),2412,8369,52.9505,1.1221,CTT-98A5D0BB4E1D,Weybourne Atmospheric Observatory,yagi-6,220,European Starling,WUR,UK-Bats
2023-11-16T19:29:08Z,2023-11-16,470,-51.8403,-72.6011,81628,4,23,113,Lotek,NTQB2-3-2-M,216,7.299200057983398,50868,2023-11-03T11:15:00Z,WUR#470:7.3@150.1(M.81628),2412,8369,52.9505,1.1221,CTT-98A5D0BB4E1D,Weybourne Atmospheric Observatory,yagi-6,220,European Starling,WUR,UK-Bats
2023-11-16T19:29:15Z,2023-11-16,470,-51.0386,-70.7731,81628,4,23,113,Lotek,NTQB2-3-2-M,216,7.299200057983398,50868,2023-11-03T11:15:00Z,WUR#470:7.3@150.1(M.81628),2412,8369,52.9505,1.1221,CTT-98A5D0BB4E1D,Weybourne Atmospheric Observatory,yagi-6,220,European Starling,WUR,UK-Bats
2023-11-16T19:29:23Z,2023-11-16,470,-50.0544,-70.6507,81628,4,23,113,Lotek,NTQB2-3-2-M,216,7.299200057983398,50868,2023-11-03T11:15:00Z,WUR#470:7.3@150.1(M.81628),2412,8369,52.9505,1.1221,CTT-98A5D0BB4E1D,Weybourne Atmospheric Observatory,yagi-6,220,European Starling,WUR,UK-Bats
2023-11-16T19:29:30Z,2023-11-16,470,-49.2401,-72.4137,81628,4,23,113,Lotek,NTQB2-3-2-M,216,7.299200057983398,50868,2023-11-03T11:15:00Z,WUR#470:7.3@150.1(M.81628),2412,8369,52.9505,1.1221,CTT-98A5D0BB4E1D,Weybourne Atmospheric Observatory,yagi-6,220,European Starling,WUR,UK-Bats
2023-11-16T19:29:37Z,2023-11-16,470,-48.1101,-72.0826,81628,4,23,113,Lotek,NTQB2-3-2-M,216,7.299200057983398,50868,2023-11-03T11:15:00Z,WUR#470:7.3@150.1(M.81628),2412,8369,52.9505,1.1221,CTT-98A5D0BB4E1D,Weybourne Atmospheric Observatory,yagi-6,220,European Starling,WUR,UK-Bats
2023-11-16T19:29:44Z,2023-11-16,470,-48.1806,-72.2379,81628,4,23,113,Lotek,NTQB2-3-2-M,216,7.299200057983398,50868,2023-11-03T11:15:00Z,WUR#470:7.3@150.1(M.81628),2412,8369,52.9505,1.1221,CTT-98A5D0BB4E1D,Weybourne Atmospheric Observatory,yagi-6,220,European Starling,WUR,UK-Bats
2023-11-16T19:29:52Z,2023-11-16,470,-47.9605,-71.8396,81628,4,23,113,Lotek,NTQB2-3-2-M,216,7.299200057983398,50868,2023-11-03T11:15:00Z,WUR#470:7.3@150.1(M.81628),2412,8369,52.9505,1.1221,CTT-98A5D0BB4E1D,Weybourne Atmospheric Observatory,yagi-6,220,European Starling,WUR,UK-Bats
2023-11-16T19:29:59Z,2023-11-16,470,-48.1444,-70.8756,81628,4,23,113,Lotek,NTQB2-3-2-M,216,7.299200057983398,50868,2023-11-03T11:15:00Z,WUR#470:7.3@150.1(M.81628),2412,8369,52.9505,1.1221,CTT-98A5D0BB4E1D,Weybourne Atmospheric Observatory,yagi-6,220,European Starling,WUR,UK-Bats
2023-11-16T19:30:06Z,2023-11-16,470,-49.8,-71.2478,81628,4,23,113,Lotek,NTQB2-3-2-M,216,7.299200057983398,50868,2023-11-03T11:15:00Z,WUR#470:7.3@150.1(M.81628),2412,8369,52.9505,1.1221,CTT-98A5D0BB4E1D,Weybourne Atmospheric Observatory,yagi-6,220,European Starling,WUR,UK-Bats
2023-11-16T19:30:14Z,2023-11-16,470,-50.0509,-71.8762,81628,4,23,113,Lotek,NTQB2-3-2-M,216,7.299200057983398,50868,2023-11-03T11:15:00Z,WUR#470:7.3@150.1(M.81628),2412,8369,52.9505,1.1221,CTT-98A5D0BB4E1D,Weybourne Atmospheric Observatory,yagi-6,220,European Starling,WUR,UK-Bats
2023-11-16T19:30:21Z,2023-11-16,470,-52.9345,-74.586,81628,4,23,113,Lotek,NTQB2-3-2-M,216,7.299200057983398,50868,2023-11-03T11:15:00Z,WUR#470:7.3@150.1(M.81628),2412,8369,52.9505,1.1221,CTT-98A5D0BB4E1D,Weybourne Atmospheric Observatory,yagi-6,220,European Starling,WUR,UK-Bats
2023-11-16T19:30:28Z,2023-11-16,470,-54.4098,-72.707,81628,4,23,113,Lotek,NTQB2-3-2-M,216,7.299200057983398,50868,2023-11-03T11:15:00Z,WUR#470:7.3@150.1(M.81628),2412,8369,52.9505,1.1221,CTT-98A5D0BB4E1D,Weybourne Atmospheric Observatory,yagi-6,220,European Starling,WUR,UK-Bats
2023-11-16T19:30:36Z,2023-11-16,470,-56.3391,-72.2825,81628,4,23,113,Lotek,NTQB2-3-2-M,216,7.299200057983398,50868,2023-11-03T11:15:00Z,WUR#470:7.3@150.1(M.81628),2412,8369,52.9505,1.1221,CTT-98A5D0BB4E1D,Weybourne Atmospheric Observatory,yagi-6,220,European Starling,WUR,UK-Bats
2023-11-16T19:30:43Z,2023-11-16,470,-57.5252,-73.6165,81628,4,23,113,Lotek,NTQB2-3-2-M,216,7.299200057983398,50868,2023-11-03T11:15:00Z,WUR#470:7.3@150.1(M.81628),2412,8369,52.9505,1.1221,CTT-98A5D0BB4E1D,Weybourne Atmospheric Observatory,yagi-6,220,European Starling,WUR,UK-Bats
2023-11-16T19:30:50Z,2023-11-16,470,-59.9426,-73.0296,81628,4,23,113,Lotek,NTQB2-3-2-M,216,7.299200057983398,50868,2023-11-03T11:15:00Z,WUR#470:7.3@150.1(M.81628),2412,8369,52.9505,1.1221,CTT-98A5D0BB4E1D,Weybourne Atmospheric Observatory,yagi-6,220,European Starling,WUR,UK-Bats
2023-11-16T19:30:57Z,2023-11-16,470,-61.7117,-71.6369,81628,4,23,113,Lotek,NTQB2-3-2-M,216,7.299200057983398,50868,2023-11-03T11:15:00Z,WUR#470:7.3@150.1(M.81628),2412,8369,52.9505,1.1221,CTT-98A5D0BB4E1D,Weybourne Atmospheric Observatory,yagi-6,220,European Starling,WUR,UK-Bats
2023-11-16T19:31:05Z,2023-11-16,470,-62.6872,-72.9163,81628,4,23,113,Lotek,NTQB2-3-2-M,216,7.299200057983398,50868,2023-11-03T11:15:00Z,WUR#470:7.3@150.1(M.81628),2412,8369,52.9505,1.1221,CTT-98A5D0BB4E1D,Weybourne Atmospheric Observatory,yagi-6,220,European Starling,WUR,UK-Bats
2023-11-16T19:31:12Z,2023-11-16,470,-64.535,-73.1756,81628,4,23,113,Lotek,NTQB2-3-2-M,216,7.299200057983398,50868,2023-11-03T11:15:00Z,WUR#470:7.3@150.1(M.81628),2412,8369,52.9505,1.1221,CTT-98A5D0BB4E1D,Weybourne Atmospheric Observatory,yagi-6,220,European Starling,WUR,UK-Bats
